feature_id	logFC	AveExpr	t	P.Value	adj.P.Val	B	pvalue	padj	stat	layer	significant	direction	comparison	reference	contrast	method	protein_label	protein_base	gene	feature_type	mapping_class	mapping_source	include_in_gene_level_concordance	protein_key
ER-alpha-R-V	4.08979106715836	-0.06561210680573	28.3166514143347	7.62065477732425e-115	2.13378333765079e-112	251.570250296388	7.62065477732425e-115	2.13378333765079e-112	28.3166514143347	RPPA	TRUE	ER_positive_up	ER_positive_vs_ER_negative	ER_negative	ER_positive - ER_negative	limma_robust_on_rppa_matrix	ER-alpha-R-V	ER-alpha	ESR1	total	unique	curated_rppa_dict	TRUE	eralpha
GATA3-M-V	1.832407267621	0.0520705711032182	21.8387838058402	2.28256621644775e-79	3.19559270302685e-77	170.078838311815	2.28256621644775e-79	3.19559270302685e-77	21.8387838058402	RPPA	TRUE	ER_positive_up	ER_positive_vs_ER_negative	ER_negative	ER_positive - ER_negative	limma_robust_on_rppa_matrix	GATA3-M-V	GATA3	GATA3	total	unique	curated_rppa_dict	TRUE	gata3
Cyclin_E1-M-V	-0.618464571714268	0.125622361731162	-14.7349845152264	1.65682740513412e-42	1.54637224479184e-40	85.4835813261858	1.65682740513412e-42	1.54637224479184e-40	-14.7349845152264	RPPA	TRUE	ER_negative_up	ER_positive_vs_ER_negative	ER_negative	ER_positive - ER_negative	limma_robust_on_rppa_matrix	Cyclin_E1-M-V	Cyclin_E1	CCNE1	total	unique	curated_rppa_dict	TRUE	cycline1
INPP4B-G-C	1.02645739737976	0.0864997423993559	13.852981241579	3.15738817743006e-38	2.21017172420104e-36	75.6921825137031	3.15738817743006e-38	2.21017172420104e-36	13.852981241579	RPPA	TRUE	ER_positive_up	ER_positive_vs_ER_negative	ER_negative	ER_positive - ER_negative	limma_robust_on_rppa_matrix	INPP4B-G-C	INPP4B	INPP4B	total	unique	curated_rppa_dict	TRUE	inpp4b
ASNS-R-V	-0.694579515488047	0.0941374703175039	-13.5223783614148	8.17002371725909e-37	4.57521328166509e-35	72.4395829971798	8.17002371725909e-37	4.57521328166509e-35	-13.5223783614148	RPPA	TRUE	ER_negative_up	ER_positive_vs_ER_negative	ER_negative	ER_positive - ER_negative	limma_robust_on_rppa_matrix	ASNS-R-V	ASNS	ASNS	total	unique	curated_rppa_dict	TRUE	asns
AR-R-V	1.00926708276736	0.0753888055545526	13.2363133780191	1.6489409651331e-35	7.69505783728782e-34	69.4510786745587	1.6489409651331e-35	7.69505783728782e-34	13.2363133780191	RPPA	TRUE	ER_positive_up	ER_positive_vs_ER_negative	ER_negative	ER_positive - ER_negative	limma_robust_on_rppa_matrix	AR-R-V	AR	AR	total	unique	curated_rppa_dict	TRUE	ar
Bcl-2-M-V	1.03370655291695	0.262505375820644	13.1449787032993	4.2716046931686e-35	1.70864187726744e-33	68.5045330579873	4.2716046931686e-35	1.70864187726744e-33	13.1449787032993	RPPA	TRUE	ER_positive_up	ER_positive_vs_ER_negative	ER_negative	ER_positive - ER_negative	limma_robust_on_rppa_matrix	Bcl-2-M-V	Bcl-2	BCL2	total	unique	curated_rppa_dict	TRUE	bcl2
FoxM1-R-V	-0.649977314531288	0.121540512399922	-12.695019615595	4.39799440984968e-33	1.53929804344739e-31	63.8970909248281	4.39799440984968e-33	1.53929804344739e-31	-12.695019615595	RPPA	TRUE	ER_negative_up	ER_positive_vs_ER_negative	ER_negative	ER_positive - ER_negative	limma_robust_on_rppa_matrix	FoxM1-R-V	FoxM1	FOXM1	total	unique	curated_rppa_dict	TRUE	foxm1
PR-R-V	2.08684621499903	0.840080618923469	12.3719142963611	1.15655382664069e-31	3.59816746065993e-30	60.6477119367492	1.15655382664069e-31	3.59816746065993e-30	12.3719142963611	RPPA	TRUE	ER_positive_up	ER_positive_vs_ER_negative	ER_negative	ER_positive - ER_negative	limma_robust_on_rppa_matrix	PR-R-V	PR	PGR	total	unique	curated_rppa_dict	TRUE	pr
PREX1-R-E	0.898135872799324	0.19573328114011	12.2277071169614	4.89569895042816e-31	1.37079570611988e-29	59.2139868154657	4.89569895042816e-31	1.37079570611988e-29	12.2277071169614	RPPA	TRUE	ER_positive_up	ER_positive_vs_ER_negative	ER_negative	ER_positive - ER_negative	limma_robust_on_rppa_matrix	PREX1-R-E	PREX1	PREX1	total	unique	curated_rppa_dict	TRUE	prex1
ER-alpha_pS118-R-V	0.609936408620265	0.0560833440074568	12.0147698166711	4.04512168140897e-30	1.02966733708592e-28	57.1160734703126	4.04512168140897e-30	1.02966733708592e-28	12.0147698166711	RPPA	TRUE	ER_positive_up	ER_positive_vs_ER_negative	ER_negative	ER_positive - ER_negative	limma_robust_on_rppa_matrix	ER-alpha_pS118-R-V	ER-alpha_pS118		phospho	unmapped		FALSE	eralphaps118
P-Cadherin-R-C	-0.376136336295797	0.0516563705992935	-11.1373228819977	1.89759175619212e-26	4.42771409778162e-25	48.7231587358885	1.89759175619212e-26	4.42771409778162e-25	-11.1373228819977	RPPA	TRUE	ER_negative_up	ER_positive_vs_ER_negative	ER_negative	ER_positive - ER_negative	limma_robust_on_rppa_matrix	P-Cadherin-R-C	P-Cadherin	CDH3	total	unique	curated_rppa_dict	TRUE	pcadherin
JNK2-R-C	0.335202468227647	0.0500003741267661	10.6378257235839	1.93261563178824e-24	4.16255674539006e-23	44.1369274188428	1.93261563178824e-24	4.16255674539006e-23	10.6378257235839	RPPA	TRUE	ER_positive_up	ER_positive_vs_ER_negative	ER_negative	ER_positive - ER_negative	limma_robust_on_rppa_matrix	JNK2-R-C	JNK2	MAPK9	total	unique	curated_rppa_dict	TRUE	jnk2
MSH6-R-C	-0.584781675184533	0.0797336744076	-10.4172649398271	1.52938036788883e-23	3.05876073577766e-22	42.0986391407453	1.52938036788883e-23	3.05876073577766e-22	-10.4172649398271	RPPA	TRUE	ER_negative_up	ER_positive_vs_ER_negative	ER_negative	ER_positive - ER_negative	limma_robust_on_rppa_matrix	MSH6-R-C	MSH6	MSH6	total	unique	curated_rppa_dict	TRUE	msh6
PDK1-R-V	0.232370748855167	-0.00268275371232339	10.1093648143679	2.19570828992295e-22	4.09865547452284e-21	39.44598447352	2.19570828992295e-22	4.09865547452284e-21	10.1093648143679	RPPA	TRUE	ER_positive_up	ER_positive_vs_ER_negative	ER_negative	ER_positive - ER_negative	limma_robust_on_rppa_matrix	PDK1-R-V	PDK1	PDPK1	total	unique	curated_rppa_dict	TRUE	pdk1
IGFBP2-R-V	0.858317399774006	0.265948546355181	9.87905722487644	1.63786245908678e-21	2.86625930340187e-20	37.4556136969254	1.63786245908678e-21	2.86625930340187e-20	9.87905722487644	RPPA	TRUE	ER_positive_up	ER_positive_vs_ER_negative	ER_negative	ER_positive - ER_negative	limma_robust_on_rppa_matrix	IGFBP2-R-V	IGFBP2	IGFBP2	total	unique	curated_rppa_dict	TRUE	igfbp2
PDK1_pS241-R-V	0.288514021726067	-0.00198486779945055	9.82136632106535	2.69548470933426e-21	4.33971548446535e-20	36.9622986099703	2.69548470933426e-21	4.33971548446535e-20	9.82136632106535	RPPA	TRUE	ER_positive_up	ER_positive_vs_ER_negative	ER_negative	ER_positive - ER_negative	limma_robust_on_rppa_matrix	PDK1_pS241-R-V	PDK1_pS241		phospho	unmapped		FALSE	pdk1ps241
EGFR-R-V	-0.368510548392968	0.1155260706948	-9.82261385121523	2.82901940473786e-21	4.33971548446535e-20	36.9268837796089	2.82901940473786e-21	4.33971548446535e-20	-9.82261385121523	RPPA	TRUE	ER_negative_up	ER_positive_vs_ER_negative	ER_negative	ER_positive - ER_negative	limma_robust_on_rppa_matrix	EGFR-R-V	EGFR	EGFR	total	unique	curated_rppa_dict	TRUE	egfr
INPP4B-G-E	1.49911760737777	0.0721745052894737	10.7102959268688	2.9448069358872e-21	4.33971548446535e-20	37.5255254137069	2.9448069358872e-21	4.33971548446535e-20	10.7102959268688	RPPA	TRUE	ER_positive_up	ER_positive_vs_ER_negative	ER_negative	ER_positive - ER_negative	limma_robust_on_rppa_matrix	INPP4B-G-E	INPP4B	INPP4B	total	unique	curated_rppa_dict	TRUE	inpp4b
Cyclin_B1-R-V	-0.804793942510139	0.0310901727994506	-9.69391073637427	8.04273350606237e-21	1.12598269084873e-19	35.8799945050965	8.04273350606237e-21	1.12598269084873e-19	-9.69391073637427	RPPA	TRUE	ER_negative_up	ER_positive_vs_ER_negative	ER_negative	ER_positive - ER_negative	limma_robust_on_rppa_matrix	Cyclin_B1-R-V	Cyclin_B1	CCNB1	total	unique	curated_rppa_dict	TRUE	cyclinb1
Caspase-7_cleavedD198-R-C	-0.660733310435102	0.153036342673862	-9.38079984303033	1.12864257823431e-19	1.50485677097908e-18	33.2660810821192	1.12864257823431e-19	1.50485677097908e-18	-9.38079984303033	RPPA	TRUE	ER_negative_up	ER_positive_vs_ER_negative	ER_negative	ER_positive - ER_negative	limma_robust_on_rppa_matrix	Caspase-7_cleavedD198-R-C	Caspase-7_cleavedD198		modified	unmapped		FALSE	caspase7cleavedd198
p27_pT198-R-V	-0.21636453490168	0.0210966016416798	-9.18058022782475	5.90961074026458e-19	7.52132276033674e-18	31.6286934511572	5.90961074026458e-19	7.52132276033674e-18	-9.18058022782475	RPPA	TRUE	ER_negative_up	ER_positive_vs_ER_negative	ER_negative	ER_positive - ER_negative	limma_robust_on_rppa_matrix	p27_pT198-R-V	p27_pT198		phospho	unmapped		FALSE	p27pt198
DJ-1-R-V	0.329139237209242	0.106234288175432	8.95308087692424	3.75375669999099e-18	4.56979076520642e-17	29.8011710053252	3.75375669999099e-18	4.56979076520642e-17	8.95308087692424	RPPA	TRUE	ER_positive_up	ER_positive_vs_ER_negative	ER_negative	ER_positive - ER_negative	limma_robust_on_rppa_matrix	DJ-1-R-V	DJ-1	PARK7	total	unique	curated_rppa_dict	TRUE	dj1
Smad3-R-V	0.190617613516169	0.0192009140239404	8.7114204010728	2.57438213945888e-17	3.00344582936869e-16	27.8990108561647	2.57438213945888e-17	3.00344582936869e-16	8.7114204010728	RPPA	FALSE	not_significant	ER_positive_vs_ER_negative	ER_negative	ER_positive - ER_negative	limma_robust_on_rppa_matrix	Smad3-R-V	Smad3	SMAD3	total	unique	curated_rppa_dict	TRUE	smad3
p53-R-V	-0.430669436807484	-0.123241435804348	-8.5217625853906	1.18912729990244e-16	1.33182257589073e-15	26.4041091604294	1.18912729990244e-16	1.33182257589073e-15	-8.5217625853906	RPPA	TRUE	ER_negative_up	ER_positive_vs_ER_negative	ER_negative	ER_positive - ER_negative	limma_robust_on_rppa_matrix	p53-R-V	p53	TP53	total	unique	curated_rppa_dict	TRUE	p53
Syk-M-V	-0.488758217087987	0.0883688541220565	-8.34975828122168	4.25905011730047e-16	4.58666935709281e-15	25.129284648361	4.25905011730047e-16	4.58666935709281e-15	-8.34975828122168	RPPA	TRUE	ER_negative_up	ER_positive_vs_ER_negative	ER_negative	ER_positive - ER_negative	limma_robust_on_rppa_matrix	Syk-M-V	Syk	SYK	total	unique	curated_rppa_dict	TRUE	syk
p16_INK4a-R-V	-0.628500991391513	0.171228087544348	-8.21691764691336	1.1664469337061e-15	1.20964867199151e-14	24.1355778059321	1.1664469337061e-15	1.20964867199151e-14	-8.21691764691336	RPPA	TRUE	ER_negative_up	ER_positive_vs_ER_negative	ER_negative	ER_positive - ER_negative	limma_robust_on_rppa_matrix	p16_INK4a-R-V	p16_INK4a	CDKN2A	total	unique	curated_rppa_dict	TRUE	p16ink4a
Notch1-R-V	-0.194083575073424	0.0773827038253532	-8.17317087211419	1.62091293751764e-15	1.62091293751764e-14	23.811149916982	1.62091293751764e-15	1.62091293751764e-14	-8.17317087211419	RPPA	FALSE	not_significant	ER_positive_vs_ER_negative	ER_negative	ER_positive - ER_negative	limma_robust_on_rppa_matrix	Notch1-R-V	Notch1	NOTCH1	total	unique	curated_rppa_dict	TRUE	notch1
Caveolin-1-R-V	0.890385112368558	0.166371747941523	8.1508357139111	1.91639569255189e-15	1.8503130824639e-14	23.6460524491185	1.91639569255189e-15	1.8503130824639e-14	8.1508357139111	RPPA	TRUE	ER_positive_up	ER_positive_vs_ER_negative	ER_negative	ER_positive - ER_negative	limma_robust_on_rppa_matrix	Caveolin-1-R-V	Caveolin-1	CAV1	total	unique	curated_rppa_dict	TRUE	caveolin1
Bim-R-V	0.394862257922875	0.0676102597209576	8.14448221567406	2.00976061937192e-15	1.87577657808046e-14	23.5991554650542	2.00976061937192e-15	1.87577657808046e-14	8.14448221567406	RPPA	TRUE	ER_positive_up	ER_positive_vs_ER_negative	ER_negative	ER_positive - ER_negative	limma_robust_on_rppa_matrix	Bim-R-V	Bim	BCL2L11	total	unique	curated_rppa_dict	TRUE	bim
Chk2_pT68-R-C	-0.381410280160032	-0.151706709123188	-8.13884002991321	2.18182688447475e-15	1.97068234726752e-14	23.5339994226405	2.18182688447475e-15	1.97068234726752e-14	-8.13884002991321	RPPA	TRUE	ER_negative_up	ER_positive_vs_ER_negative	ER_negative	ER_positive - ER_negative	limma_robust_on_rppa_matrix	Chk2_pT68-R-C	Chk2_pT68		phospho	unmapped		FALSE	chk2pt68
MSH2-M-V	-0.320101456537091	0.0186905542828	-7.98210090596114	6.90046410830423e-15	6.0379060947662e-14	22.3957135211842	6.90046410830423e-15	6.0379060947662e-14	-7.98210090596114	RPPA	TRUE	ER_negative_up	ER_positive_vs_ER_negative	ER_negative	ER_positive - ER_negative	limma_robust_on_rppa_matrix	MSH2-M-V	MSH2	MSH2	total	unique	curated_rppa_dict	TRUE	msh2
Cyclin_D1-R-V	0.322561710994392	0.0668306926589482	7.79370958192313	2.65445213289999e-14	2.25226241579393e-13	21.0564364466665	2.65445213289999e-14	2.25226241579393e-13	7.79370958192313	RPPA	TRUE	ER_positive_up	ER_positive_vs_ER_negative	ER_negative	ER_positive - ER_negative	limma_robust_on_rppa_matrix	Cyclin_D1-R-V	Cyclin_D1	CCND1	total	unique	curated_rppa_dict	TRUE	cyclind1
4E-BP1_pS65-R-V	-0.208388477068819	0.0240762059470173	-7.58495980728469	1.18124738250499e-13	9.72791962062933e-13	19.58712266685	1.18124738250499e-13	9.72791962062933e-13	-7.58495980728469	RPPA	TRUE	ER_negative_up	ER_positive_vs_ER_negative	ER_negative	ER_positive - ER_negative	limma_robust_on_rppa_matrix	4E-BP1_pS65-R-V	4E-BP1_pS65		phospho	unmapped		FALSE	4ebp1ps65
NDRG1_pT346-R-V	-0.584177591258654	0.273998286590659	-7.46509872457629	2.74305540364198e-13	2.19444432291359e-12	18.7585070339877	2.74305540364198e-13	2.19444432291359e-12	-7.46509872457629	RPPA	TRUE	ER_negative_up	ER_positive_vs_ER_negative	ER_negative	ER_positive - ER_negative	limma_robust_on_rppa_matrix	NDRG1_pT346-R-V	NDRG1_pT346		phospho	unmapped		FALSE	ndrg1pt346
Annexin_VII-M-V	0.175631512534674	0.0310988749148352	7.1636383519546	2.17571159514259e-12	1.69222012955535e-11	16.7236897583339	2.17571159514259e-12	1.69222012955535e-11	7.1636383519546	RPPA	FALSE	not_significant	ER_positive_vs_ER_negative	ER_negative	ER_positive - ER_negative	limma_robust_on_rppa_matrix	Annexin_VII-M-V	Annexin_VII	ANXA7	total	unique	curated_rppa_dict	TRUE	annexinvii
S6-R-E	-0.340018282705776	-0.102179137677002	-7.15286444865682	2.33983678382927e-12	1.7706872958708e-11	16.6522836981648	2.33983678382927e-12	1.7706872958708e-11	-7.15286444865682	RPPA	TRUE	ER_negative_up	ER_positive_vs_ER_negative	ER_negative	ER_positive - ER_negative	limma_robust_on_rppa_matrix	S6-R-E	S6	RPS6	total	unique	curated_rppa_dict	TRUE	s6
TSC1-R-C	-0.474345196386428	0.0344937113065149	-7.09642536049802	3.41983545317673e-12	2.51987875497233e-11	16.2797196660312	3.41983545317673e-12	2.51987875497233e-11	-7.09642536049802	RPPA	TRUE	ER_negative_up	ER_positive_vs_ER_negative	ER_negative	ER_positive - ER_negative	limma_robust_on_rppa_matrix	TSC1-R-C	TSC1	TSC1	total	unique	curated_rppa_dict	TRUE	tsc1
Chk2-M-V	-0.292656010116972	0.0232206299532967	-7.07345418489019	3.98825168054451e-12	2.86336018090375e-11	16.1288041094041	3.98825168054451e-12	2.86336018090375e-11	-7.07345418489019	RPPA	TRUE	ER_negative_up	ER_positive_vs_ER_negative	ER_negative	ER_positive - ER_negative	limma_robust_on_rppa_matrix	Chk2-M-V	Chk2	CHEK2	total	unique	curated_rppa_dict	TRUE	chk2
HER3-R-V	0.432479671981505	0.08249573849	7.13960088694851	5.42855819074147e-12	3.79999073351903e-11	16.1221979240305	5.42855819074147e-12	3.79999073351903e-11	7.13960088694851	RPPA	TRUE	ER_positive_up	ER_positive_vs_ER_negative	ER_negative	ER_positive - ER_negative	limma_robust_on_rppa_matrix	HER3-R-V	HER3	ERBB3	total	unique	curated_rppa_dict	TRUE	her3
VEGFR2-R-C	0.42336131212379	0.0075378869154589	6.97395559298153	7.90229222342097e-12	5.39668737209237e-11	15.4735650778748	7.90229222342097e-12	5.39668737209237e-11	6.97395559298153	RPPA	TRUE	ER_positive_up	ER_positive_vs_ER_negative	ER_negative	ER_positive - ER_negative	limma_robust_on_rppa_matrix	VEGFR2-R-C	VEGFR2	KDR	total	unique	curated_rppa_dict	TRUE	vegfr2
FASN-R-V	0.752042158936843	0.130619595939953	6.95656631610328	8.66615618837439e-12	5.77743745891626e-11	15.3673665642912	8.66615618837439e-12	5.77743745891626e-11	6.95656631610328	RPPA	TRUE	ER_positive_up	ER_positive_vs_ER_negative	ER_negative	ER_positive - ER_negative	limma_robust_on_rppa_matrix	FASN-R-V	FASN	FASN	total	unique	curated_rppa_dict	TRUE	fasn
CDK1-R-V	-0.194324930684078	-0.0110867661927001	-6.93228098308	1.01689058507668e-11	6.62161311212723e-11	15.2105315774064	1.01689058507668e-11	6.62161311212723e-11	-6.93228098308	RPPA	FALSE	not_significant	ER_positive_vs_ER_negative	ER_negative	ER_positive - ER_negative	limma_robust_on_rppa_matrix	CDK1-R-V	CDK1	CDK1	total	unique	curated_rppa_dict	TRUE	cdk1
CDK1_pY15-R-C	-0.261609170640436	-0.080212225939168	-6.82742085838543	2.01763045508467e-11	1.2839466532357e-10	14.538767294223	2.01763045508467e-11	1.2839466532357e-10	-6.82742085838543	RPPA	TRUE	ER_negative_up	ER_positive_vs_ER_negative	ER_negative	ER_positive - ER_negative	limma_robust_on_rppa_matrix	CDK1_pY15-R-C	CDK1_pY15		phospho	unmapped		FALSE	cdk1py15
IRS1-R-V	0.206658605710815	0.0443336387452904	6.78877561574248	2.59157509556995e-11	1.6125356150213e-10	14.2934237242322	2.59157509556995e-11	1.6125356150213e-10	6.78877561574248	RPPA	TRUE	ER_positive_up	ER_positive_vs_ER_negative	ER_negative	ER_positive - ER_negative	limma_robust_on_rppa_matrix	IRS1-R-V	IRS1	IRS1	total	unique	curated_rppa_dict	TRUE	irs1
eEF2-R-V	-0.153397862657887	-0.0181537852624799	-6.65386847512223	6.27048797184125e-11	3.81681876546859e-10	13.4435760185157	6.27048797184125e-11	3.81681876546859e-10	-6.65386847512223	RPPA	FALSE	not_significant	ER_positive_vs_ER_negative	ER_negative	ER_positive - ER_negative	limma_robust_on_rppa_matrix	eEF2-R-V	eEF2	EEF2	total	unique	curated_rppa_dict	TRUE	eef2
RBM15-R-V	-0.444896697285624	-0.0911305432986656	-6.53653431136674	1.29010463894959e-10	7.68572976395499e-10	12.7217779618212	1.29010463894959e-10	7.68572976395499e-10	-6.53653431136674	RPPA	TRUE	ER_negative_up	ER_positive_vs_ER_negative	ER_negative	ER_positive - ER_negative	limma_robust_on_rppa_matrix	RBM15-R-V	RBM15	RBM15	total	unique	curated_rppa_dict	TRUE	rbm15
eEF2K-R-V	0.279759495892906	-0.0136545493685243	6.52985120098851	1.34522577285686e-10	7.84715034166504e-10	12.6808429364204	1.34522577285686e-10	7.84715034166504e-10	6.52985120098851	RPPA	TRUE	ER_positive_up	ER_positive_vs_ER_negative	ER_negative	ER_positive - ER_negative	limma_robust_on_rppa_matrix	eEF2K-R-V	eEF2K	EEF2K	total	unique	curated_rppa_dict	TRUE	eef2k
EGFR-R-C	-0.273661337608319	0.0486671709315789	-6.77976655703646	1.46598925514572e-10	8.37708145797554e-10	13.210183910609	1.46598925514572e-10	8.37708145797554e-10	-6.77976655703646	RPPA	TRUE	ER_negative_up	ER_positive_vs_ER_negative	ER_negative	ER_positive - ER_negative	limma_robust_on_rppa_matrix	EGFR-R-C	EGFR	EGFR	total	unique	curated_rppa_dict	TRUE	egfr
Snail-M-E	-0.161977516636628	-0.0117135640412088	-6.45164669436792	2.18911361834616e-10	1.22590362627385e-09	12.2045544029251	2.18911361834616e-10	1.22590362627385e-09	-6.45164669436792	RPPA	FALSE	not_significant	ER_positive_vs_ER_negative	ER_negative	ER_positive - ER_negative	limma_robust_on_rppa_matrix	Snail-M-E	Snail	SNAI1	total	unique	curated_rppa_dict	TRUE	snail
PARP1-R-V	-0.608711099758445	-0.172617422259828	-6.41104224982599	4.00315499498308e-10	2.1978105854809e-09	11.8467606744168	4.00315499498308e-10	2.1978105854809e-09	-6.41104224982599	RPPA	TRUE	ER_negative_up	ER_positive_vs_ER_negative	ER_negative	ER_positive - ER_negative	limma_robust_on_rppa_matrix	PARP1-R-V	PARP1	PARP1	total	unique	curated_rppa_dict	TRUE	parp1
Caspase-3-R-C	-0.279066333864543	-0.146657699883438	-6.18555921532501	1.10612351508013e-09	5.9499261944987e-09	10.6218772984966	1.10612351508013e-09	5.9499261944987e-09	-6.18555921532501	RPPA	TRUE	ER_negative_up	ER_positive_vs_ER_negative	ER_negative	ER_positive - ER_negative	limma_robust_on_rppa_matrix	Caspase-3-R-C	Caspase-3	CASP3	total	unique	curated_rppa_dict	TRUE	caspase3
Lck-R-V	-0.28470155462594	0.132920017947802	-6.18254551108148	1.12623602967297e-09	5.9499261944987e-09	10.6042894784374	1.12623602967297e-09	5.9499261944987e-09	-6.18254551108148	RPPA	TRUE	ER_negative_up	ER_positive_vs_ER_negative	ER_negative	ER_positive - ER_negative	limma_robust_on_rppa_matrix	Lck-R-V	Lck	LCK	total	unique	curated_rppa_dict	TRUE	lck
Rad50-M-C	0.145487682938503	0.0163302618695652	6.15773366876252	1.32456814451728e-09	6.86813111971922e-09	10.4615856201887	1.32456814451728e-09	6.86813111971922e-09	6.15773366876252	RPPA	FALSE	not_significant	ER_positive_vs_ER_negative	ER_negative	ER_positive - ER_negative	limma_robust_on_rppa_matrix	Rad50-M-C	Rad50	RAD50	total	unique	curated_rppa_dict	TRUE	rad50
p27-R-V	0.229590608166912	0.0376935378779435	6.06089193008123	2.31659383925739e-09	1.17935686362194e-08	9.90068585425057	2.31659383925739e-09	1.17935686362194e-08	6.06089193008123	RPPA	TRUE	ER_positive_up	ER_positive_vs_ER_negative	ER_negative	ER_positive - ER_negative	limma_robust_on_rppa_matrix	p27-R-V	p27	CDKN1B	total	unique	curated_rppa_dict	TRUE	p27
p27_pT157-R-C	-0.112943657881897	-0.0384975054831241	-6.00415219599234	3.22955037153786e-09	1.61477518576893e-08	9.5767816603948	3.22955037153786e-09	1.61477518576893e-08	-6.00415219599234	RPPA	FALSE	not_significant	ER_positive_vs_ER_negative	ER_negative	ER_positive - ER_negative	limma_robust_on_rppa_matrix	p27_pT157-R-C	p27_pT157		phospho	unmapped		FALSE	p27pt157
Stathmin-R-V	-0.173064626346841	-0.00642800985753532	-5.99383681601105	3.42966393528631e-09	1.68474719628099e-08	9.51818743325292	3.42966393528631e-09	1.68474719628099e-08	-5.99383681601105	RPPA	FALSE	not_significant	ER_positive_vs_ER_negative	ER_negative	ER_positive - ER_negative	limma_robust_on_rppa_matrix	Stathmin-R-V	Stathmin	STMN1	total	unique	curated_rppa_dict	TRUE	stathmin
Chk1_pS345-R-C	-0.129287630349612	-0.045232712650314	-5.97807862890932	3.75893048788641e-09	1.81465609760034e-08	9.42885032677173	3.75893048788641e-09	1.81465609760034e-08	-5.97807862890932	RPPA	FALSE	not_significant	ER_positive_vs_ER_negative	ER_negative	ER_positive - ER_negative	limma_robust_on_rppa_matrix	Chk1_pS345-R-C	Chk1_pS345		phospho	unmapped		FALSE	chk1ps345
p38_MAPK-R-C	0.156516673364469	0.0247341920829308	5.95731609359251	4.29344434323152e-09	2.03756680695733e-08	9.31487775742031	4.29344434323152e-09	2.03756680695733e-08	5.95731609359251	RPPA	FALSE	not_significant	ER_positive_vs_ER_negative	ER_negative	ER_positive - ER_negative	limma_robust_on_rppa_matrix	p38_MAPK-R-C	p38_MAPK		total	ambiguous_or_pan	curated_ambiguous_or_pan	FALSE	p38mapk
PRAS40_pT246-R-V	-0.142786158885537	-0.0302390098010204	-5.84389568125062	8.13731735849864e-09	3.79741476729936e-08	8.67666836074379	8.13731735849864e-09	3.79741476729936e-08	-5.84389568125062	RPPA	FALSE	not_significant	ER_positive_vs_ER_negative	ER_negative	ER_positive - ER_negative	limma_robust_on_rppa_matrix	PRAS40_pT246-R-V	PRAS40_pT246		phospho	unmapped		FALSE	pras40pt246
Src_pY416-R-C	-0.24388591418715	-0.1234118556354	-5.75027857089588	1.38252259915296e-08	6.34600537316111e-08	8.1609708514791	1.38252259915296e-08	6.34600537316111e-08	-5.75027857089588	RPPA	TRUE	ER_negative_up	ER_positive_vs_ER_negative	ER_negative	ER_positive - ER_negative	limma_robust_on_rppa_matrix	Src_pY416-R-C	Src_pY416		phospho	unmapped		FALSE	srcpy416
Chk1_pS296-R-V	-0.199521752048528	-0.0933265288763737	-5.68758743304496	1.96361290859382e-08	8.86792926461727e-08	7.81982877337325	1.96361290859382e-08	8.86792926461727e-08	-5.68758743304496	RPPA	FALSE	not_significant	ER_positive_vs_ER_negative	ER_negative	ER_positive - ER_negative	limma_robust_on_rppa_matrix	Chk1_pS296-R-V	Chk1_pS296		phospho	unmapped		FALSE	chk1ps296
Chk2_pT68-R-E	-0.235705823207134	-0.0142448230736842	-5.84116310878344	2.20341896756815e-08	9.7929731891918e-08	8.31013064330903	2.20341896756815e-08	9.7929731891918e-08	-5.84116310878344	RPPA	TRUE	ER_negative_up	ER_positive_vs_ER_negative	ER_negative	ER_positive - ER_negative	limma_robust_on_rppa_matrix	Chk2_pT68-R-E	Chk2_pT68		phospho	unmapped		FALSE	chk2pt68
YB-1_pS102-R-V	-0.164842236519328	-0.0139835824022763	-5.44319444468008	7.47318046385385e-08	3.26951645293606e-07	6.52230483028508	7.47318046385385e-08	3.26951645293606e-07	-5.44319444468008	RPPA	FALSE	not_significant	ER_positive_vs_ER_negative	ER_negative	ER_positive - ER_negative	limma_robust_on_rppa_matrix	YB-1_pS102-R-V	YB-1_pS102		phospho	unmapped		FALSE	yb1ps102
c-Kit-R-V	-0.456592298781395	0.231816747375589	-5.43650885203708	7.74602111504422e-08	3.33674755724982e-07	6.4875378896886	7.74602111504422e-08	3.33674755724982e-07	-5.43650885203708	RPPA	TRUE	ER_negative_up	ER_positive_vs_ER_negative	ER_negative	ER_positive - ER_negative	limma_robust_on_rppa_matrix	c-Kit-R-V	c-Kit	KIT	total	unique	curated_rppa_dict	TRUE	ckit
GATA6-R-E	-0.226616693198929	-0.0961924669352433	-5.39368854079796	9.73723189665377e-08	4.13094686524705e-07	6.26578434553986	9.73723189665377e-08	4.13094686524705e-07	-5.39368854079796	RPPA	TRUE	ER_negative_up	ER_positive_vs_ER_negative	ER_negative	ER_positive - ER_negative	limma_robust_on_rppa_matrix	GATA6-R-E	GATA6	GATA6	total	unique	curated_rppa_dict	TRUE	gata6
eIF4G-R-C	-0.31779436383782	-0.0134857741754317	-5.04580544127729	5.89741684390032e-07	2.46459211386879e-06	4.52383588156028	5.89741684390032e-07	2.46459211386879e-06	-5.04580544127729	RPPA	TRUE	ER_negative_up	ER_positive_vs_ER_negative	ER_negative	ER_positive - ER_negative	limma_robust_on_rppa_matrix	eIF4G-R-C	eIF4G	EIF4G1	total	unique	curated_rppa_dict	TRUE	eif4g
PEA15-R-V	0.130605636192772	0.0465794116997645	4.988772127568	7.84576417034537e-07	3.23060877602456e-06	4.24845995259584	7.84576417034537e-07	3.23060877602456e-06	4.988772127568	RPPA	FALSE	not_significant	ER_positive_vs_ER_negative	ER_negative	ER_positive - ER_negative	limma_robust_on_rppa_matrix	PEA15-R-V	PEA15	PEA15	total	unique	curated_rppa_dict	TRUE	pea15
GAPDH-M-C	-0.410103732245704	0.172996944487049	-4.97553411123933	8.37988286104652e-07	3.40053217549714e-06	4.18495621564666	8.37988286104652e-07	3.40053217549714e-06	-4.97553411123933	RPPA	TRUE	ER_negative_up	ER_positive_vs_ER_negative	ER_negative	ER_positive - ER_negative	limma_robust_on_rppa_matrix	GAPDH-M-C	GAPDH	GAPDH	total	unique	curated_rppa_dict	TRUE	gapdh
4E-BP1_pT70-R-V	-0.132280410145316	0.0557792979019916	-4.97889648158284	8.94693492873785e-07	3.57877397149514e-06	4.2709086250761	8.94693492873785e-07	3.57877397149514e-06	-4.97889648158284	RPPA	FALSE	not_significant	ER_positive_vs_ER_negative	ER_negative	ER_positive - ER_negative	limma_robust_on_rppa_matrix	4E-BP1_pT70-R-V	4E-BP1_pT70		phospho	unmapped		FALSE	4ebp1pt70
c-Met_pY1235-R-C	-0.132570316228843	-0.0390960186296296	-4.89454717723964	1.25716999464271e-06	4.95785349999941e-06	3.80957472977831	1.25716999464271e-06	4.95785349999941e-06	-4.89454717723964	RPPA	FALSE	not_significant	ER_positive_vs_ER_negative	ER_negative	ER_positive - ER_negative	limma_robust_on_rppa_matrix	c-Met_pY1235-R-C	c-Met_pY1235		phospho	unmapped		FALSE	cmetpy1235
53BP1-R-C	0.2549102080612	-0.0165803994549114	4.87365470575225	1.39229436861935e-06	5.41447810018637e-06	3.71127174328513	1.39229436861935e-06	5.41447810018637e-06	4.87365470575225	RPPA	TRUE	ER_positive_up	ER_positive_vs_ER_negative	ER_negative	ER_positive - ER_negative	limma_robust_on_rppa_matrix	53BP1-R-C	53BP1	TP53BP1	total	unique	curated_rppa_dict	TRUE	53bp1
JNK_pT183_pY185-R-V	0.235333994619228	0.0101909380242857	4.88683950770216	1.56179237194333e-06	5.99043649512512e-06	3.87028826302491	1.56179237194333e-06	5.99043649512512e-06	4.88683950770216	RPPA	TRUE	ER_positive_up	ER_positive_vs_ER_negative	ER_negative	ER_positive - ER_negative	limma_robust_on_rppa_matrix	JNK_pT183_pY185-R-V	JNK_pT183_pY185		phospho	unmapped		FALSE	jnkpt183py185
Smac-M-E	0.193454888808439	0.0744435391927002	4.83289367980034	1.68769195221455e-06	6.38586144081179e-06	3.51062346822118	1.68769195221455e-06	6.38586144081179e-06	4.83289367980034	RPPA	FALSE	not_significant	ER_positive_vs_ER_negative	ER_negative	ER_positive - ER_negative	limma_robust_on_rppa_matrix	Smac-M-E	Smac	DIABLO	total	unique	curated_rppa_dict	TRUE	smac
53BP1-R-E	0.406205551043245	0.0814059184473684	4.89254691421825	2.1114978987331e-06	7.88292548860356e-06	3.88641133056904	2.1114978987331e-06	7.88292548860356e-06	4.89254691421825	RPPA	TRUE	ER_positive_up	ER_positive_vs_ER_negative	ER_negative	ER_positive - ER_negative	limma_robust_on_rppa_matrix	53BP1-R-E	53BP1	TP53BP1	total	unique	curated_rppa_dict	TRUE	53bp1
A-Raf_pS299-R-C	-0.137064886673163	0.0190720445019622	-4.7622373775066	2.37187529000312e-06	8.73848791053782e-06	3.18334541415294	2.37187529000312e-06	8.73848791053782e-06	-4.7622373775066	RPPA	FALSE	not_significant	ER_positive_vs_ER_negative	ER_negative	ER_positive - ER_negative	limma_robust_on_rppa_matrix	A-Raf_pS299-R-C	A-Raf_pS299		phospho	unmapped		FALSE	arafps299
PTEN-R-V	0.187849058061069	0.0402012145474882	4.72699439346411	2.80617219152036e-06	1.02042625146195e-05	3.02177863988736	2.80617219152036e-06	1.02042625146195e-05	4.72699439346411	RPPA	FALSE	not_significant	ER_positive_vs_ER_negative	ER_negative	ER_positive - ER_negative	limma_robust_on_rppa_matrix	PTEN-R-V	PTEN	PTEN	total	unique	curated_rppa_dict	TRUE	pten
Raptor-R-V	0.142409749270754	0.0432449110066719	4.68767732903048	3.38087023031764e-06	1.21364572370377e-05	2.84285542120516	3.38087023031764e-06	1.21364572370377e-05	4.68767732903048	RPPA	FALSE	not_significant	ER_positive_vs_ER_negative	ER_negative	ER_positive - ER_negative	limma_robust_on_rppa_matrix	Raptor-R-V	Raptor	RPTOR	total	unique	curated_rppa_dict	TRUE	raptor
S6_pS235_S236-R-V	-0.318547106936521	0.0732517196903454	-4.68282751913954	3.45914822773761e-06	1.22602721995764e-05	2.82088162473724	3.45914822773761e-06	1.22602721995764e-05	-4.68282751913954	RPPA	TRUE	ER_negative_up	ER_positive_vs_ER_negative	ER_negative	ER_positive - ER_negative	limma_robust_on_rppa_matrix	S6_pS235_S236-R-V	S6_pS235_S236		phospho	unmapped		FALSE	s6ps235s236
Chk1-R-V	-0.12204911260116	0.0317813440707196	-4.64073442500067	4.70033985270659e-06	1.64511894844731e-05	2.75889602910105	4.70033985270659e-06	1.64511894844731e-05	-4.64073442500067	RPPA	FALSE	not_significant	ER_positive_vs_ER_negative	ER_negative	ER_positive - ER_negative	limma_robust_on_rppa_matrix	Chk1-R-V	Chk1	CHEK1	total	unique	curated_rppa_dict	TRUE	chk1
PARP_cleaved-M-E	-0.115613605255086	-0.0295743725820253	-4.61072597995229	4.84968466911074e-06	1.67643420660618e-05	2.49670650375523	4.84968466911074e-06	1.67643420660618e-05	-4.61072597995229	RPPA	FALSE	not_significant	ER_positive_vs_ER_negative	ER_negative	ER_positive - ER_negative	limma_robust_on_rppa_matrix	PARP_cleaved-M-E	PARP_cleaved		modified	unmapped		FALSE	parpcleaved
ACC1-R-C	0.348909147579331	0.0572368331352657	4.60527783970266	4.99787026541137e-06	1.70658984672583e-05	2.48328428378	4.99787026541137e-06	1.70658984672583e-05	4.60527783970266	RPPA	TRUE	ER_positive_up	ER_positive_vs_ER_negative	ER_negative	ER_positive - ER_negative	limma_robust_on_rppa_matrix	ACC1-R-C	ACC1	ACACA	total	unique	curated_rppa_dict	TRUE	acc1
JNK_pT183_pY185-R-C	0.209864323305539	0.0239158353560794	4.60789571754616	5.46328435080817e-06	1.84303568460998e-05	2.61460622841734	5.46328435080817e-06	1.84303568460998e-05	4.60789571754616	RPPA	TRUE	ER_positive_up	ER_positive_vs_ER_negative	ER_negative	ER_positive - ER_negative	limma_robust_on_rppa_matrix	JNK_pT183_pY185-R-C	JNK_pT183_pY185		phospho	unmapped		FALSE	jnkpt183py185
Collagen_VI-R-V	0.49198658669998	0.232187215857535	4.58237504774967	5.53195916395302e-06	1.84398638798434e-05	2.37052673158674	5.53195916395302e-06	1.84398638798434e-05	4.58237504774967	RPPA	TRUE	ER_positive_up	ER_positive_vs_ER_negative	ER_negative	ER_positive - ER_negative	limma_robust_on_rppa_matrix	Collagen_VI-R-V	Collagen_VI		total	ambiguous_or_pan	curated_ambiguous_or_pan	FALSE	collagenvi
Transglutaminase-M-V	-0.126694378845918	0.0233992834038461	-4.55348576144878	6.32147647694103e-06	2.08236872181587e-05	2.24270055355566	6.32147647694103e-06	2.08236872181587e-05	-4.55348576144878	RPPA	FALSE	not_significant	ER_positive_vs_ER_negative	ER_negative	ER_positive - ER_negative	limma_robust_on_rppa_matrix	Transglutaminase-M-V	Transglutaminase		total	ambiguous_or_pan	curated_ambiguous_or_pan	FALSE	transglutaminase
Annexin-1-M-E	-0.261036712250523	0.142267608212323	-4.50430380035564	7.92013666979039e-06	2.57864914830385e-05	2.02682877177484	7.92013666979039e-06	2.57864914830385e-05	-4.50430380035564	RPPA	TRUE	ER_negative_up	ER_positive_vs_ER_negative	ER_negative	ER_positive - ER_negative	limma_robust_on_rppa_matrix	Annexin-1-M-E	Annexin-1	ANXA1	total	unique	curated_rppa_dict	TRUE	annexin1
Akt_pT308-R-V	-0.274851921946158	0.22849076891405	-4.41728102243609	1.17420648551441e-05	3.77905535567856e-05	1.65025800282219	1.17420648551441e-05	3.77905535567856e-05	-4.41728102243609	RPPA	TRUE	ER_negative_up	ER_positive_vs_ER_negative	ER_negative	ER_positive - ER_negative	limma_robust_on_rppa_matrix	Akt_pT308-R-V	Akt_pT308		phospho	unmapped		FALSE	aktpt308
SLC1A5-R-C	-0.24349092582485	0.0175753720396389	-4.41315649246888	1.1961308044324e-05	3.80587074137581e-05	1.63258146859455	1.1961308044324e-05	3.80587074137581e-05	-4.41315649246888	RPPA	TRUE	ER_negative_up	ER_positive_vs_ER_negative	ER_negative	ER_positive - ER_negative	limma_robust_on_rppa_matrix	SLC1A5-R-C	SLC1A5		total	unmapped		FALSE	slc1a5
Tuberin-R-E	0.262858233480237	0.00028840047368425	4.4551566671853	1.42699760294374e-05	4.48943066094658e-05	2.05048025787207	1.42699760294374e-05	4.48943066094658e-05	4.4551566671853	RPPA	TRUE	ER_positive_up	ER_positive_vs_ER_negative	ER_negative	ER_positive - ER_negative	limma_robust_on_rppa_matrix	Tuberin-R-E	Tuberin	TSC2	total	unique	curated_rppa_dict	TRUE	tuberin
MYH11-R-V	0.70496792542934	0.369835336230377	4.28658731457343	2.09503083784045e-05	6.51787371772585e-05	1.09770748697219	2.09503083784045e-05	6.51787371772585e-05	4.28658731457343	RPPA	TRUE	ER_positive_up	ER_positive_vs_ER_negative	ER_negative	ER_positive - ER_negative	limma_robust_on_rppa_matrix	MYH11-R-V	MYH11	MYH11	total	unique	curated_rppa_dict	TRUE	myh11
S6_pS240_S244-R-V	-0.248795131870506	0.0247686703465463	-4.2543042593173	2.41158707811252e-05	7.4202679326539e-05	0.963631516115927	2.41158707811252e-05	7.4202679326539e-05	-4.2543042593173	RPPA	TRUE	ER_negative_up	ER_positive_vs_ER_negative	ER_negative	ER_positive - ER_negative	limma_robust_on_rppa_matrix	S6_pS240_S244-R-V	S6_pS240_S244		phospho	unmapped		FALSE	s6ps240s244
DIRAS3-M-E	0.131313050861799	0.0871362786204866	4.24964687066634	2.46085945163146e-05	7.48957224409576e-05	0.944367763988512	2.46085945163146e-05	7.48957224409576e-05	4.24964687066634	RPPA	FALSE	not_significant	ER_positive_vs_ER_negative	ER_negative	ER_positive - ER_negative	limma_robust_on_rppa_matrix	DIRAS3-M-E	DIRAS3	DIRAS3	total	unique	curated_rppa_dict	TRUE	diras3
CD31-M-V	-0.189805009598775	-0.160403511896782	-4.21531093815612	2.8548950548887e-05	8.59538296095521e-05	0.802964051827519	2.8548950548887e-05	8.59538296095521e-05	-4.21531093815612	RPPA	FALSE	not_significant	ER_positive_vs_ER_negative	ER_negative	ER_positive - ER_negative	limma_robust_on_rppa_matrix	CD31-M-V	CD31	PECAM1	total	unique	curated_rppa_dict	TRUE	cd31
ENY2-M-V	-0.19257911195263	-0.0658081139556515	-4.21064006823034	2.91293094865505e-05	8.67681559173846e-05	0.78381208763595	2.91293094865505e-05	8.67681559173846e-05	-4.21064006823034	RPPA	FALSE	not_significant	ER_positive_vs_ER_negative	ER_negative	ER_positive - ER_negative	limma_robust_on_rppa_matrix	ENY2-M-V	ENY2	ENY2	total	unique	curated_rppa_dict	TRUE	eny2
Myosin-IIa-R-C	-0.143114534247162	-0.100371247074176	-4.12482358201034	4.2017553915779e-05	0.000123841211541243	0.435516822925254	4.2017553915779e-05	0.000123841211541243	-4.12482358201034	RPPA	FALSE	not_significant	ER_positive_vs_ER_negative	ER_negative	ER_positive - ER_negative	limma_robust_on_rppa_matrix	Myosin-IIa-R-C	Myosin-IIa	MYH9	total	unique	curated_rppa_dict	TRUE	myosiniia
VEGFR2-R-V	0.306307072374329	0.0984440557105264	4.15869619132734	4.835126067412e-05	0.000140170881273818	0.88553396645066	4.835126067412e-05	0.000140170881273818	4.15869619132734	RPPA	TRUE	ER_positive_up	ER_positive_vs_ER_negative	ER_negative	ER_positive - ER_negative	limma_robust_on_rppa_matrix	VEGFR2-R-V	VEGFR2	KDR	total	unique	curated_rppa_dict	TRUE	vegfr2
AMPK_pT172-R-V	0.203080671193642	0.0545385519894035	4.09050468331464	4.85591981555728e-05	0.000140170881273818	0.298132732743794	4.85591981555728e-05	0.000140170881273818	4.09050468331464	RPPA	TRUE	ER_positive_up	ER_positive_vs_ER_negative	ER_negative	ER_positive - ER_negative	limma_robust_on_rppa_matrix	AMPK_pT172-R-V	AMPK_pT172		phospho	unmapped		FALSE	ampkpt172
4E-BP1_pT37_T46-R-V	-0.237917449442377	0.112715403833203	-3.96540416115177	8.15710632999776e-05	0.000233060180857079	-0.193431807346325	8.15710632999776e-05	0.000233060180857079	-3.96540416115177	RPPA	TRUE	ER_negative_up	ER_positive_vs_ER_negative	ER_negative	ER_positive - ER_negative	limma_robust_on_rppa_matrix	4E-BP1_pT37_T46-R-V	4E-BP1_pT37_T46		phospho	unmapped		FALSE	4ebp1pt37t46
XRCC1-R-E	0.167626555064454	-0.0440265983105263	4.0134078038228	8.59441535250339e-05	0.000243074373606157	0.33899903829326	8.59441535250339e-05	0.000243074373606157	4.0134078038228	RPPA	FALSE	not_significant	ER_positive_vs_ER_negative	ER_negative	ER_positive - ER_negative	limma_robust_on_rppa_matrix	XRCC1-R-E	XRCC1	XRCC1	total	unique	curated_rppa_dict	TRUE	xrcc1
MIG-6-M-V	-0.0798089388206799	0.0546337113583203	-3.91927641532236	9.84210663117125e-05	0.000275578985672795	-0.371018083871578	9.84210663117125e-05	0.000275578985672795	-3.91927641532236	RPPA	FALSE	not_significant	ER_positive_vs_ER_negative	ER_negative	ER_positive - ER_negative	limma_robust_on_rppa_matrix	MIG-6-M-V	MIG-6	ERRFI1	total	unique	curated_rppa_dict	TRUE	mig6
XRCC1-R-C	0.0681087324371019	0.0420829862487923	3.86418579288779	0.000123166148029169	0.000341450707407598	-0.567475302082189	0.000123166148029169	0.000341450707407598	3.86418579288779	RPPA	FALSE	not_significant	ER_positive_vs_ER_negative	ER_negative	ER_positive - ER_negative	limma_robust_on_rppa_matrix	XRCC1-R-C	XRCC1	XRCC1	total	unique	curated_rppa_dict	TRUE	xrcc1
Rab11-R-E	0.213417125783772	0.106997096275157	3.86357735994415	0.000127162032911461	0.000349072247207933	-0.465584678848828	0.000127162032911461	0.000349072247207933	3.86357735994415	RPPA	TRUE	ER_positive_up	ER_positive_vs_ER_negative	ER_negative	ER_positive - ER_negative	limma_robust_on_rppa_matrix	Rab11-R-E	Rab11		total	ambiguous_or_pan	curated_ambiguous_or_pan	FALSE	rab11
4E-BP1-R-V	-0.195977382396359	0.105544483844192	-3.8135574434811	0.000150287568355816	0.000408548729510955	-0.770546855344448	0.000150287568355816	0.000408548729510955	-3.8135574434811	RPPA	FALSE	not_significant	ER_positive_vs_ER_negative	ER_negative	ER_positive - ER_negative	limma_robust_on_rppa_matrix	4E-BP1-R-V	4E-BP1	EIF4EBP1	total	unique	curated_rppa_dict	TRUE	4ebp1
Akt-R-V	0.186000437731495	-0.086981481605573	3.80491830230585	0.000155509336701095	0.000418678983426025	-0.80273451715764	0.000155509336701095	0.000418678983426025	3.80491830230585	RPPA	FALSE	not_significant	ER_positive_vs_ER_negative	ER_negative	ER_positive - ER_negative	limma_robust_on_rppa_matrix	Akt-R-V	Akt		total	ambiguous_or_pan	curated_ambiguous_or_pan	FALSE	akt
Myosin-IIa_pS1943-R-V	-0.166973498735109	-0.067067996160518	-3.79334503411199	0.000162773217371695	0.000434061912991186	-0.845744808892737	0.000162773217371695	0.000434061912991186	-3.79334503411199	RPPA	FALSE	not_significant	ER_positive_vs_ER_negative	ER_negative	ER_positive - ER_negative	limma_robust_on_rppa_matrix	Myosin-IIa_pS1943-R-V	Myosin-IIa_pS1943		phospho	unmapped		FALSE	myosiniiaps1943
Rad50-M-V	0.181590880240463	0.0201137477473684	3.84316911184857	0.000165359013042468	0.000436797392942367	-0.280453130903373	0.000165359013042468	0.000436797392942367	3.84316911184857	RPPA	FALSE	not_significant	ER_positive_vs_ER_negative	ER_negative	ER_positive - ER_negative	limma_robust_on_rppa_matrix	Rad50-M-V	Rad50	RAD50	total	unique	curated_rppa_dict	TRUE	rad50
NF-kB-p65_pS536-R-C	-0.221634805405916	0.0160885241094976	-3.78484681124211	0.000168309561761636	0.00044043623638559	-0.877247418821303	0.000168309561761636	0.00044043623638559	-3.78484681124211	RPPA	TRUE	ER_negative_up	ER_positive_vs_ER_negative	ER_negative	ER_positive - ER_negative	limma_robust_on_rppa_matrix	NF-kB-p65_pS536-R-C	NF-kB-p65_pS536		phospho	unmapped		FALSE	nfkbp65ps536
B-Raf_pS445-R-V	0.160581583452195	0.0223452045914443	3.77907327284025	0.000172171628215905	0.00044637088796716	-0.898611186775105	0.000172171628215905	0.00044637088796716	3.77907327284025	RPPA	FALSE	not_significant	ER_positive_vs_ER_negative	ER_negative	ER_positive - ER_negative	limma_robust_on_rppa_matrix	B-Raf_pS445-R-V	B-Raf_pS445		phospho	unmapped		FALSE	brafps445
Jak2-R-V	-0.126372032124153	-0.026425791383438	-3.76557493773312	0.00018152950141233	0.000466314315554609	-0.948437251725996	0.00018152950141233	0.000466314315554609	-3.76557493773312	RPPA	FALSE	not_significant	ER_positive_vs_ER_negative	ER_negative	ER_positive - ER_negative	limma_robust_on_rppa_matrix	Jak2-R-V	Jak2	JAK2	total	unique	curated_rppa_dict	TRUE	jak2
MSH6-R-E	-0.359678639205757	0.112984606942105	-3.81346481834506	0.000184955824506688	0.000470796644198843	-0.386190940107927	0.000184955824506688	0.000470796644198843	-3.81346481834506	RPPA	TRUE	ER_negative_up	ER_positive_vs_ER_negative	ER_negative	ER_positive - ER_negative	limma_robust_on_rppa_matrix	MSH6-R-E	MSH6	MSH6	total	unique	curated_rppa_dict	TRUE	msh6
A-Raf-R-V	0.109966318629969	-0.0106150931448195	3.74446379638466	0.000197131576183899	0.000497268840824251	-1.02602231750854	0.000197131576183899	0.000497268840824251	3.74446379638466	RPPA	FALSE	not_significant	ER_positive_vs_ER_negative	ER_negative	ER_positive - ER_negative	limma_robust_on_rppa_matrix	A-Raf-R-V	A-Raf	ARAF	total	unique	curated_rppa_dict	TRUE	araf
MAPK_pT202_Y204-R-V	0.345629823117729	0.0398475396456044	3.72553990150603	0.000212182626686684	0.00053045656671671	-1.09521427869032	0.000212182626686684	0.00053045656671671	3.72553990150603	RPPA	TRUE	ER_positive_up	ER_positive_vs_ER_negative	ER_negative	ER_positive - ER_negative	limma_robust_on_rppa_matrix	MAPK_pT202_Y204-R-V	MAPK_pT202_Y204		phospho	unmapped		FALSE	mapkpt202y204
Mre11-R-C	-0.111424127736287	-0.0854182881440345	-3.71724623265178	0.00021911426400815	0.000542937999312229	-1.1254328754968	0.00021911426400815	0.000542937999312229	-3.71724623265178	RPPA	FALSE	not_significant	ER_positive_vs_ER_negative	ER_negative	ER_positive - ER_negative	limma_robust_on_rppa_matrix	Mre11-R-C	Mre11	MRE11	total	unique	curated_rppa_dict	TRUE	mre11
BRD4-R-V	-0.187261292503728	-0.0740090419925432	-3.68391975312064	0.000249174342727268	0.000612007157575747	-1.24620996896614	0.000249174342727268	0.000612007157575747	-3.68391975312064	RPPA	FALSE	not_significant	ER_positive_vs_ER_negative	ER_negative	ER_positive - ER_negative	limma_robust_on_rppa_matrix	BRD4-R-V	BRD4	BRD4	total	unique	curated_rppa_dict	TRUE	brd4
PKC-alpha_pS657-R-V	-0.134031733014703	0.0143472923148148	-3.59880325752428	0.000345135300140773	0.000840329426429708	-1.5363718126698	0.000345135300140773	0.000840329426429708	-3.59880325752428	RPPA	FALSE	not_significant	ER_positive_vs_ER_negative	ER_negative	ER_positive - ER_negative	limma_robust_on_rppa_matrix	PKC-alpha_pS657-R-V	PKC-alpha_pS657		phospho	unmapped		FALSE	pkcalphaps657
FOXO3a_pS318_S321-R-C	-0.0630677356228952	0.015276716627551	-3.56838674134191	0.000386150075847669	0.000932086389977133	-1.6568293529891	0.000386150075847669	0.000932086389977133	-3.56838674134191	RPPA	FALSE	not_significant	ER_positive_vs_ER_negative	ER_negative	ER_positive - ER_negative	limma_robust_on_rppa_matrix	FOXO3a_pS318_S321-R-C	FOXO3a_pS318_S321		phospho	unmapped		FALSE	foxo3aps318s321
Rb-M-E	0.10548570467675	0.0679788286518838	3.54694677560737	0.000418309652694575	0.00100108292952548	-1.73164759332437	0.000418309652694575	0.00100108292952548	3.54694677560737	RPPA	FALSE	not_significant	ER_positive_vs_ER_negative	ER_negative	ER_positive - ER_negative	limma_robust_on_rppa_matrix	Rb-M-E	Rb	RB1	total	unique	curated_rppa_dict	TRUE	rb
p90RSK-R-C	-0.112116878329226	0.0159746571134223	-3.48545823874854	0.000524994479312059	0.00124574961192692	-1.94381652966571	0.000524994479312059	0.00124574961192692	-3.48545823874854	RPPA	FALSE	not_significant	ER_positive_vs_ER_negative	ER_negative	ER_positive - ER_negative	limma_robust_on_rppa_matrix	p90RSK-R-C	p90RSK	RPS6KA1	total	unique	curated_rppa_dict	TRUE	p90rsk
AMPK_alpha-R-C	0.0961801448014456	0.0234891759493721	3.4784652117582	0.000538620369399066	0.00126734204564486	-1.96772016144165	0.000538620369399066	0.00126734204564486	3.4784652117582	RPPA	FALSE	not_significant	ER_positive_vs_ER_negative	ER_negative	ER_positive - ER_negative	limma_robust_on_rppa_matrix	AMPK_alpha-R-C	AMPK_alpha		total	ambiguous_or_pan	curated_ambiguous_or_pan	FALSE	ampkalpha
c-Myc-R-C	-0.119445718551881	-0.00243543952629512	-3.4697541484186	0.000556055850008139	0.00129746365001899	-1.99743175445343	0.000556055850008139	0.00129746365001899	-3.4697541484186	RPPA	FALSE	not_significant	ER_positive_vs_ER_negative	ER_negative	ER_positive - ER_negative	limma_robust_on_rppa_matrix	c-Myc-R-C	c-Myc	MYC	total	unique	curated_rppa_dict	TRUE	cmyc
CD26-R-V	0.0857049918074556	-0.0154214239289638	3.46253331189873	0.000570906542931311	0.0013211060497584	-2.02200612067162	0.000570906542931311	0.0013211060497584	3.46253331189873	RPPA	FALSE	not_significant	ER_positive_vs_ER_negative	ER_negative	ER_positive - ER_negative	limma_robust_on_rppa_matrix	CD26-R-V	CD26	DPP4	total	unique	curated_rppa_dict	TRUE	cd26
Chk1-R-C	-0.141174848543619	0.0300668513004587	-3.45413997639052	0.000662890094905563	0.00152138710306195	-1.60092717867901	0.000662890094905563	0.00152138710306195	-3.45413997639052	RPPA	FALSE	not_significant	ER_positive_vs_ER_negative	ER_negative	ER_positive - ER_negative	limma_robust_on_rppa_matrix	Chk1-R-C	Chk1	CHEK1	total	unique	curated_rppa_dict	TRUE	chk1
p70S6K-R-V	0.179254284109617	0.0143549804156201	3.4167868644077	0.000673933335408606	0.00153415718629601	-2.17654695060019	0.000673933335408606	0.00153415718629601	3.4167868644077	RPPA	FALSE	not_significant	ER_positive_vs_ER_negative	ER_negative	ER_positive - ER_negative	limma_robust_on_rppa_matrix	p70S6K-R-V	p70S6K	RPS6KB1	total	unique	curated_rppa_dict	TRUE	p70s6k
B-Raf-M-C	0.298380643224625	0.0681965187263158	3.37384186328139	0.000897882386977943	0.00202747635769213	-1.86748019520467	0.000897882386977943	0.00202747635769213	3.37384186328139	RPPA	TRUE	ER_positive_up	ER_positive_vs_ER_negative	ER_negative	ER_positive - ER_negative	limma_robust_on_rppa_matrix	B-Raf-M-C	B-Raf	BRAF	total	unique	curated_rppa_dict	TRUE	braf
4E-BP1_pT70-R-C	-0.170658914262064	0.0849734507683486	-3.3577937435011	0.000926639455142321	0.0020756723795188	-1.912796051374	0.000926639455142321	0.0020756723795188	-3.3577937435011	RPPA	FALSE	not_significant	ER_positive_vs_ER_negative	ER_negative	ER_positive - ER_negative	limma_robust_on_rppa_matrix	4E-BP1_pT70-R-C	4E-BP1_pT70		phospho	unmapped		FALSE	4ebp1pt70
Tuberin_pT1462-R-V	0.112929867465453	0.0576985661463893	3.26440900826374	0.00115559384246337	0.00256798631658526	-2.67699944127698	0.00115559384246337	0.00256798631658526	3.26440900826374	RPPA	FALSE	not_significant	ER_positive_vs_ER_negative	ER_negative	ER_positive - ER_negative	limma_robust_on_rppa_matrix	Tuberin_pT1462-R-V	Tuberin_pT1462		phospho	unmapped		FALSE	tuberinpt1462
EGFR_pY1068-R-C	-0.232387164885765	0.211206227295526	-3.23862068336418	0.00126343935292578	0.00278553558125368	-2.75951257746305	0.00126343935292578	0.00278553558125368	-3.23862068336418	RPPA	TRUE	ER_negative_up	ER_positive_vs_ER_negative	ER_negative	ER_positive - ER_negative	limma_robust_on_rppa_matrix	EGFR_pY1068-R-C	EGFR_pY1068		phospho	unmapped		FALSE	egfrpy1068
ADAR1-M-V	-0.13786957296985	-0.0468053422711931	-3.23549763646412	0.00127711397845528	0.00279368682787093	-2.76946219513438	0.00127711397845528	0.00279368682787093	-3.23549763646412	RPPA	FALSE	not_significant	ER_positive_vs_ER_negative	ER_negative	ER_positive - ER_negative	limma_robust_on_rppa_matrix	ADAR1-M-V	ADAR1	ADAR	total	unique	curated_rppa_dict	TRUE	adar1
Akt_pS473-R-V	-0.260566640113398	0.237864914760204	-3.21706991801046	0.00136062926580883	0.00295330383276334	-2.82798135126534	0.00136062926580883	0.00295330383276334	-3.21706991801046	RPPA	TRUE	ER_negative_up	ER_positive_vs_ER_negative	ER_negative	ER_positive - ER_negative	limma_robust_on_rppa_matrix	Akt_pS473-R-V	Akt_pS473		phospho	unmapped		FALSE	aktps473
Bcl-xL-R-C	0.0735556170653409	0.0135540261377171	3.22221882458925	0.00137521204330807	0.002961995170202	-2.60904057973611	0.00137521204330807	0.002961995170202	3.22221882458925	RPPA	FALSE	not_significant	ER_positive_vs_ER_negative	ER_negative	ER_positive - ER_negative	limma_robust_on_rppa_matrix	Bcl-xL-R-C	Bcl-xL	BCL2L1	total	unique	curated_rppa_dict	TRUE	bclxl
COG3-R-V	0.136210034589727	-0.169395449774333	3.13971405736332	0.00176927312884167	0.00378165248912724	-3.07010071668161	0.00176927312884167	0.00378165248912724	3.13971405736332	RPPA	FALSE	not_significant	ER_positive_vs_ER_negative	ER_negative	ER_positive - ER_negative	limma_robust_on_rppa_matrix	COG3-R-V	COG3	COG3	total	unique	curated_rppa_dict	TRUE	cog3
Chk1-R-E	-0.0993585197428728	-0.00340028284736842	-3.14233843261335	0.00194368850443161	0.00412297561546098	-2.58290475637161	0.00194368850443161	0.00412297561546098	-3.14233843261335	RPPA	FALSE	not_significant	ER_positive_vs_ER_negative	ER_negative	ER_positive - ER_negative	limma_robust_on_rppa_matrix	Chk1-R-E	Chk1	CHEK1	total	unique	curated_rppa_dict	TRUE	chk1
TIGAR-R-V	-0.0563324161799491	0.0166986140843799	-3.07966987023129	0.00216140612068052	0.00455032867511688	-3.25409641121353	0.00216140612068052	0.00455032867511688	-3.07966987023129	RPPA	FALSE	not_significant	ER_positive_vs_ER_negative	ER_negative	ER_positive - ER_negative	limma_robust_on_rppa_matrix	TIGAR-R-V	TIGAR	TIGAR	total	unique	curated_rppa_dict	TRUE	tigar
SCD-M-V	-0.389026849652115	-0.477259629731162	-3.0770438541395	0.00218025377063895	0.00455575414760377	-3.26206472683972	0.00218025377063895	0.00455575414760377	-3.0770438541395	RPPA	TRUE	ER_negative_up	ER_positive_vs_ER_negative	ER_negative	ER_positive - ER_negative	limma_robust_on_rppa_matrix	SCD-M-V	SCD	SCD	total	unique	curated_rppa_dict	TRUE	scd
Claudin-7-R-V	0.247493321695958	0.101569153130691	3.06900534929653	0.00223889096539303	0.00464362570600035	-3.28641554323958	0.00223889096539303	0.00464362570600035	3.06900534929653	RPPA	TRUE	ER_positive_up	ER_positive_vs_ER_negative	ER_negative	ER_positive - ER_negative	limma_robust_on_rppa_matrix	Claudin-7-R-V	Claudin-7	CLDN7	total	unique	curated_rppa_dict	TRUE	claudin7
BRCA2-R-C	-0.0720481278427185	-0.0440495526087127	-3.05972354360656	0.0023083973851214	0.00475258285172053	-3.31445572417727	0.0023083973851214	0.00475258285172053	-3.05972354360656	RPPA	FALSE	not_significant	ER_positive_vs_ER_negative	ER_negative	ER_positive - ER_negative	limma_robust_on_rppa_matrix	BRCA2-R-C	BRCA2	BRCA2	total	unique	curated_rppa_dict	TRUE	brca2
PI3K-p85-R-V	0.0984555954333222	0.0512783117916013	3.05138326232806	0.00237253731279582	0.00484898136921773	-3.33958122582884	0.00237253731279582	0.00484898136921773	3.05138326232806	RPPA	FALSE	not_significant	ER_positive_vs_ER_negative	ER_negative	ER_positive - ER_negative	limma_robust_on_rppa_matrix	PI3K-p85-R-V	PI3K-p85	PIK3R1	total	unique	curated_rppa_dict	TRUE	pi3kp85
Rictor-R-C	0.152460400495897	0.0587983544478022	3.04683645198907	0.00240818892912783	0.00488618043591155	-3.35325065948575	0.00240818892912783	0.00488618043591155	3.04683645198907	RPPA	FALSE	not_significant	ER_positive_vs_ER_negative	ER_negative	ER_positive - ER_negative	limma_robust_on_rppa_matrix	Rictor-R-C	Rictor	RICTOR	total	unique	curated_rppa_dict	TRUE	rictor
Rad51-M-E	-0.117215857899187	0.0054426919631579	-3.07090475016887	0.00244591212933574	0.00492701723894969	-2.79442520992935	0.00244591212933574	0.00492701723894969	-3.07090475016887	RPPA	FALSE	not_significant	ER_positive_vs_ER_negative	ER_negative	ER_positive - ER_negative	limma_robust_on_rppa_matrix	Rad51-M-E	Rad51	RAD51	total	unique	curated_rppa_dict	TRUE	rad51
ACC1-R-E	0.356935089470321	0.160937236857895	3.02859115786574	0.00279730885624796	0.00559461771249592	-2.91764181676749	0.00279730885624796	0.00559461771249592	3.02859115786574	RPPA	TRUE	ER_positive_up	ER_positive_vs_ER_negative	ER_negative	ER_positive - ER_negative	limma_robust_on_rppa_matrix	ACC1-R-E	ACC1	ACACA	total	unique	curated_rppa_dict	TRUE	acc1
p38_MAPK-R-V	0.116462495624707	-0.021168909068421	3.00222987162023	0.00303913246490722	0.00603515666790087	-2.99362077144504	0.00303913246490722	0.00603515666790087	3.00222987162023	RPPA	FALSE	not_significant	ER_positive_vs_ER_negative	ER_negative	ER_positive - ER_negative	limma_robust_on_rppa_matrix	p38_MAPK-R-V	p38_MAPK		total	ambiguous_or_pan	curated_ambiguous_or_pan	FALSE	p38mapk
PDCD4-R-C	-0.29138392672333	-0.107926571979199	-2.90244799317347	0.00383045501158201	0.00755300988199269	-3.77702629880574	0.00383045501158201	0.00755300988199269	-2.90244799317347	RPPA	TRUE	ER_negative_up	ER_positive_vs_ER_negative	ER_negative	ER_positive - ER_negative	limma_robust_on_rppa_matrix	PDCD4-R-C	PDCD4	PDCD4	total	unique	curated_rppa_dict	TRUE	pdcd4
p53-R-E	-0.16671833046068	-0.00349705355263159	-2.92157384572599	0.00390333602949069	0.00759972417978279	-3.22232984630398	0.00390333602949069	0.00759972417978279	-2.92157384572599	RPPA	FALSE	not_significant	ER_positive_vs_ER_negative	ER_negative	ER_positive - ER_negative	limma_robust_on_rppa_matrix	p53-R-E	p53	TP53	total	unique	curated_rppa_dict	TRUE	p53
Dvl3-R-V	-0.0841774037069535	-0.0397905143426216	-2.89604540715952	0.00390842957817401	0.00759972417978279	-3.79535411661933	0.00390842957817401	0.00759972417978279	-2.89604540715952	RPPA	FALSE	not_significant	ER_positive_vs_ER_negative	ER_negative	ER_positive - ER_negative	limma_robust_on_rppa_matrix	Dvl3-R-V	Dvl3	DVL3	total	unique	curated_rppa_dict	TRUE	dvl3
PKC-alpha-M-V	-0.077685933803353	0.0310068354297488	-2.88290671242979	0.00407298354851389	0.00786507167988889	-3.83284101727288	0.00407298354851389	0.00786507167988889	-2.88290671242979	RPPA	FALSE	not_significant	ER_positive_vs_ER_negative	ER_negative	ER_positive - ER_negative	limma_robust_on_rppa_matrix	PKC-alpha-M-V	PKC-alpha	PRKCA	total	unique	curated_rppa_dict	TRUE	pkcalpha
HER3-M-C	0.141603403432067	0.0738153730694789	2.85255971690308	0.00455989859872661	0.00874501101125652	-3.7072835897396	0.00455989859872661	0.00874501101125652	2.85255971690308	RPPA	FALSE	not_significant	ER_positive_vs_ER_negative	ER_negative	ER_positive - ER_negative	limma_robust_on_rppa_matrix	HER3-M-C	HER3	ERBB3	total	unique	curated_rppa_dict	TRUE	her3
Smad1-R-V	0.0668475183632981	0.0095900919423077	2.74392395210272	0.00624174055550212	0.0118890296295278	-4.2192007781145	0.00624174055550212	0.0118890296295278	2.74392395210272	RPPA	FALSE	not_significant	ER_positive_vs_ER_negative	ER_negative	ER_positive - ER_negative	limma_robust_on_rppa_matrix	Smad1-R-V	Smad1	SMAD1	total	unique	curated_rppa_dict	TRUE	smad1
Rad51-M-C	-0.0559068809090765	0.0264718389468599	-2.71112004661495	0.00689089883566038	0.0130368356350332	-4.29299953546204	0.00689089883566038	0.0130368356350332	-2.71112004661495	RPPA	FALSE	not_significant	ER_positive_vs_ER_negative	ER_negative	ER_positive - ER_negative	limma_robust_on_rppa_matrix	Rad51-M-C	Rad51	RAD51	total	unique	curated_rppa_dict	TRUE	rad51
HER3_pY1289-R-C	-0.0747978475755813	0.01187736693	-2.69973854970042	0.00727570991936209	0.0136724750162509	-4.07991734020276	0.00727570991936209	0.0136724750162509	-2.69973854970042	RPPA	FALSE	not_significant	ER_positive_vs_ER_negative	ER_negative	ER_positive - ER_negative	limma_robust_on_rppa_matrix	HER3_pY1289-R-C	HER3_pY1289		phospho	unmapped		FALSE	her3py1289
G6PD-M-V	-0.115380474446366	0.0480244293143642	-2.65761847438765	0.00806670415948635	0.0150578477643745	-4.44973945392312	0.00806670415948635	0.0150578477643745	-2.65761847438765	RPPA	FALSE	not_significant	ER_positive_vs_ER_negative	ER_negative	ER_positive - ER_negative	limma_robust_on_rppa_matrix	G6PD-M-V	G6PD	G6PD	total	unique	curated_rppa_dict	TRUE	g6pd
ACC_pS79-R-V	0.172302570796179	0.142005724449372	2.60810183628523	0.00931782889495818	0.0172780933151542	-4.57875489161131	0.00931782889495818	0.0172780933151542	2.60810183628523	RPPA	FALSE	not_significant	ER_positive_vs_ER_negative	ER_negative	ER_positive - ER_negative	limma_robust_on_rppa_matrix	ACC_pS79-R-V	ACC_pS79		phospho	unmapped		FALSE	accps79
c-Jun_pS73-R-V	-0.0954185813163476	-0.0281988660842105	-2.62259317381468	0.00943176568549614	0.0173743052101245	-4.02008194011616	0.00943176568549614	0.0173743052101245	-2.62259317381468	RPPA	FALSE	not_significant	ER_positive_vs_ER_negative	ER_negative	ER_positive - ER_negative	limma_robust_on_rppa_matrix	c-Jun_pS73-R-V	c-Jun_pS73		phospho	unmapped		FALSE	cjunps73
MSH2-M-E	-0.16718850087605	0.0657235792	-2.5332994878328	0.0121047032135522	0.0221523980378734	-4.24284565890741	0.0121047032135522	0.0221523980378734	-2.5332994878328	RPPA	FALSE	not_significant	ER_positive_vs_ER_negative	ER_negative	ER_positive - ER_negative	limma_robust_on_rppa_matrix	MSH2-M-E	MSH2	MSH2	total	unique	curated_rppa_dict	TRUE	msh2
Bad_pS112-R-V	-0.094081784988723	-0.0357035384988226	-2.48691931727858	0.01314012876475	0.0237781584034823	-4.88446868313727	0.01314012876475	0.0237781584034823	-2.48691931727858	RPPA	FALSE	not_significant	ER_positive_vs_ER_negative	ER_negative	ER_positive - ER_negative	limma_robust_on_rppa_matrix	Bad_pS112-R-V	Bad_pS112		phospho	unmapped		FALSE	badps112
C-Raf_pS338-R-E	-0.0637077317354359	0.0330517154368421	-2.50277537325223	0.0131629091162134	0.0237781584034823	-4.31734181987351	0.0131629091162134	0.0237781584034823	-2.50277537325223	RPPA	FALSE	not_significant	ER_positive_vs_ER_negative	ER_negative	ER_positive - ER_negative	limma_robust_on_rppa_matrix	C-Raf_pS338-R-E	C-Raf_pS338		phospho	unmapped		FALSE	crafps338
mTOR-R-V	0.116019524359169	0.0151888219164051	2.46304919780703	0.0140392187906453	0.0250915030265605	-4.94300621449518	0.0140392187906453	0.0250915030265605	2.46304919780703	RPPA	FALSE	not_significant	ER_positive_vs_ER_negative	ER_negative	ER_positive - ER_negative	limma_robust_on_rppa_matrix	mTOR-R-V	mTOR	MTOR	total	unique	curated_rppa_dict	TRUE	mtor
Tuberin-R-C	0.118815249685297	-0.00347716442914654	2.46240371366429	0.014071071675549	0.0250915030265605	-4.92973770531714	0.014071071675549	0.0250915030265605	2.46240371366429	RPPA	FALSE	not_significant	ER_positive_vs_ER_negative	ER_negative	ER_positive - ER_negative	limma_robust_on_rppa_matrix	Tuberin-R-C	Tuberin	TSC2	total	unique	curated_rppa_dict	TRUE	tuberin
SF2-M-V	0.0422084354679093	-0.0346602590631868	2.45997766443194	0.0141587767078448	0.0250915030265605	-4.95049842254158	0.0141587767078448	0.0250915030265605	2.45997766443194	RPPA	FALSE	not_significant	ER_positive_vs_ER_negative	ER_negative	ER_positive - ER_negative	limma_robust_on_rppa_matrix	SF2-M-V	SF2	SRSF1	total	unique	curated_rppa_dict	TRUE	sf2
Ku80-R-C	-0.0874996777452349	-0.0106253447821821	-2.44848932801061	0.0146139756791471	0.0257353030827748	-4.97843991228697	0.0146139756791471	0.0257353030827748	-2.44848932801061	RPPA	FALSE	not_significant	ER_positive_vs_ER_negative	ER_negative	ER_positive - ER_negative	limma_robust_on_rppa_matrix	Ku80-R-C	Ku80	XRCC5	total	unique	curated_rppa_dict	TRUE	ku80
TFRC-R-V	-0.129181155293655	0.0910053451518838	-2.41674397176725	0.0159397295610796	0.0278945267318892	-5.05498223455645	0.0159397295610796	0.0278945267318892	-2.41674397176725	RPPA	FALSE	not_significant	ER_positive_vs_ER_negative	ER_negative	ER_positive - ER_negative	limma_robust_on_rppa_matrix	TFRC-R-V	TFRC	TFRC	total	unique	curated_rppa_dict	TRUE	tfrc
PI3K-p110-alpha-R-C	0.0560566963722326	-0.00226616720211921	2.4048264167097	0.0164641514721022	0.0286333069080038	-5.08346387687147	0.0164641514721022	0.0286333069080038	2.4048264167097	RPPA	FALSE	not_significant	ER_positive_vs_ER_negative	ER_negative	ER_positive - ER_negative	limma_robust_on_rppa_matrix	PI3K-p110-alpha-R-C	PI3K-p110-alpha	PIK3CA	total	unique	curated_rppa_dict	TRUE	pi3kp110alpha
Beclin-G-V	-0.063788304874639	-0.114603784743156	-2.39015039111437	0.0171382550789963	0.0296216754451788	-5.10346382014162	0.0171382550789963	0.0296216754451788	-2.39015039111437	RPPA	FALSE	not_significant	ER_positive_vs_ER_negative	ER_negative	ER_positive - ER_negative	limma_robust_on_rppa_matrix	Beclin-G-V	Beclin	BECN1	total	unique	curated_rppa_dict	TRUE	beclin
SETD2-R-E	-0.0629391403062508	-0.00326306635832026	-2.38421047259862	0.0174072746114904	0.0299020668172842	-5.13240720943082	0.0174072746114904	0.0299020668172842	-2.38421047259862	RPPA	FALSE	not_significant	ER_positive_vs_ER_negative	ER_negative	ER_positive - ER_negative	limma_robust_on_rppa_matrix	SETD2-R-E	SETD2	SETD2	total	unique	curated_rppa_dict	TRUE	setd2
Acetyl-a-Tubulin-Lys40-R-E	-0.210577452554952	-0.00473818871467816	-2.36502404276879	0.0183273290978455	0.0312905618743704	-5.17758490450131	0.0183273290978455	0.0312905618743704	-2.36502404276879	RPPA	TRUE	ER_negative_up	ER_positive_vs_ER_negative	ER_negative	ER_positive - ER_negative	limma_robust_on_rppa_matrix	Acetyl-a-Tubulin-Lys40-R-E	Acetyl-a-Tubulin-Lys40		modified	unmapped		FALSE	acetylatubulinlys40
c-Jun_pS73-R-C	-0.0539889159807537	0.0271045290491145	-2.35186608932394	0.0189905348956317	0.0322263622471327	-5.19345606601028	0.0189905348956317	0.0322263622471327	-2.35186608932394	RPPA	FALSE	not_significant	ER_positive_vs_ER_negative	ER_negative	ER_positive - ER_negative	limma_robust_on_rppa_matrix	c-Jun_pS73-R-C	c-Jun_pS73		phospho	unmapped		FALSE	cjunps73
TAZ-R-V	-0.075353170291402	0.0547315484606918	-2.34832057807523	0.0192651346058068	0.0324954077688308	-5.07560842420941	0.0192651346058068	0.0324954077688308	-2.34832057807523	RPPA	FALSE	not_significant	ER_positive_vs_ER_negative	ER_negative	ER_positive - ER_negative	limma_robust_on_rppa_matrix	TAZ-R-V	TAZ	WWTR1	total	unique	curated_rppa_dict	TRUE	taz
LKB1-M-E	0.0399147206094499	-0.0342307773905024	2.30963383076707	0.0212270063799148	0.0355901903375816	-5.30599745428691	0.0212270063799148	0.0355901903375816	2.30963383076707	RPPA	FALSE	not_significant	ER_positive_vs_ER_negative	ER_negative	ER_positive - ER_negative	limma_robust_on_rppa_matrix	LKB1-M-E	LKB1	STK11	total	unique	curated_rppa_dict	TRUE	lkb1
PAI-1-M-E	-0.209592858894092	0.109479656921053	-2.18885584873821	0.0298222406748513	0.0497037344580854	-5.0340564722292	0.0298222406748513	0.0497037344580854	-2.18885584873821	RPPA	TRUE	ER_negative_up	ER_positive_vs_ER_negative	ER_negative	ER_positive - ER_negative	limma_robust_on_rppa_matrix	PAI-1-M-E	PAI-1	SERPINE1	total	unique	curated_rppa_dict	TRUE	pai1
MEK1-R-V	0.0756140477346607	0.113789776109498	2.1740867960086	0.03006569470593	0.0498129853116001	-5.60760783851824	0.03006569470593	0.0498129853116001	2.1740867960086	RPPA	FALSE	not_significant	ER_positive_vs_ER_negative	ER_negative	ER_positive - ER_negative	limma_robust_on_rppa_matrix	MEK1-R-V	MEK1	MAP2K1	total	unique	curated_rppa_dict	TRUE	mek1
PKC-alpha_pS657-R-C	-0.124341945373365	0.0320733398842105	-2.15546783026698	0.032378678474166	0.053329588075097	-5.10493522875204	0.032378678474166	0.053329588075097	-2.15546783026698	RPPA	FALSE	not_significant	ER_positive_vs_ER_negative	ER_negative	ER_positive - ER_negative	limma_robust_on_rppa_matrix	PKC-alpha_pS657-R-C	PKC-alpha_pS657		phospho	unmapped		FALSE	pkcalphaps657
GCN5L2-R-V	-0.0947318402175746	-0.0864141576526688	-2.13351959477662	0.0332631700156237	0.0544660093823078	-5.69438262256492	0.0332631700156237	0.0544660093823078	-2.13351959477662	RPPA	FALSE	not_significant	ER_positive_vs_ER_negative	ER_negative	ER_positive - ER_negative	limma_robust_on_rppa_matrix	GCN5L2-R-V	GCN5L2	KAT2A	total	unique	curated_rppa_dict	TRUE	gcn5l2
Bak-R-E	-0.114843826251343	0.109732494568421	-2.14039853670796	0.0335931332826084	0.0546864960414555	-5.13658576078121	0.0335931332826084	0.0546864960414555	-2.14039853670796	RPPA	FALSE	not_significant	ER_positive_vs_ER_negative	ER_negative	ER_positive - ER_negative	limma_robust_on_rppa_matrix	Bak-R-E	Bak	BAK1	total	unique	curated_rppa_dict	TRUE	bak
STAT3_pY705-R-V	0.0805525964733436	0.0424692133677394	2.1149740928082	0.0348194546661009	0.0563551867428222	-5.73351550867199	0.0348194546661009	0.0563551867428222	2.1149740928082	RPPA	FALSE	not_significant	ER_positive_vs_ER_negative	ER_negative	ER_positive - ER_negative	limma_robust_on_rppa_matrix	STAT3_pY705-R-V	STAT3_pY705		phospho	unmapped		FALSE	stat3py705
c-Met_pY1235-R-V	-0.0508375233847955	0.0520450185842105	-2.10404292718165	0.0366858078422373	0.0590346333093474	-5.21207306722116	0.0366858078422373	0.0590346333093474	-2.10404292718165	RPPA	FALSE	not_significant	ER_positive_vs_ER_negative	ER_negative	ER_positive - ER_negative	limma_robust_on_rppa_matrix	c-Met_pY1235-R-V	c-Met_pY1235		phospho	unmapped		FALSE	cmetpy1235
JAB1-M-C	0.0457554810320506	0.0274894977641287	2.08832903432937	0.0371642853366247	0.0594628565385995	-5.78914950982082	0.0371642853366247	0.0594628565385995	2.08832903432937	RPPA	FALSE	not_significant	ER_positive_vs_ER_negative	ER_negative	ER_positive - ER_negative	limma_robust_on_rppa_matrix	JAB1-M-C	JAB1	COPS5	total	unique	curated_rppa_dict	TRUE	jab1
ATM-R-V	-0.107098799206974	-0.0193610275090267	-2.05983932200376	0.0398192171093702	0.0633487544921798	-5.84786535157749	0.0398192171093702	0.0633487544921798	-2.05983932200376	RPPA	FALSE	not_significant	ER_positive_vs_ER_negative	ER_negative	ER_positive - ER_negative	limma_robust_on_rppa_matrix	ATM-R-V	ATM	ATM	total	unique	curated_rppa_dict	TRUE	atm
Paxillin-R-V	0.068838654805191	0.0438162527294686	2.05096691450767	0.0406888032951678	0.064366468489531	-5.85095809106579	0.0406888032951678	0.064366468489531	2.05096691450767	RPPA	FALSE	not_significant	ER_positive_vs_ER_negative	ER_negative	ER_positive - ER_negative	limma_robust_on_rppa_matrix	Paxillin-R-V	Paxillin	PXN	total	unique	curated_rppa_dict	TRUE	paxillin
eEF2-R-C	-0.174064248906487	0.0658273520263158	-2.01917001040382	0.044870045000613	0.0705820932593912	-5.38348872237394	0.044870045000613	0.0705820932593912	-2.01917001040382	RPPA	FALSE	not_significant	ER_positive_vs_ER_negative	ER_negative	ER_positive - ER_negative	limma_robust_on_rppa_matrix	eEF2-R-C	eEF2	EEF2	total	unique	curated_rppa_dict	TRUE	eef2
FOXO3a-R-C	-0.0481098168894793	0.0391418104375981	-2.00462770544616	0.0454251676626231	0.0710561281873434	-5.95938745762132	0.0454251676626231	0.0710561281873434	-2.00462770544616	RPPA	FALSE	not_significant	ER_positive_vs_ER_negative	ER_negative	ER_positive - ER_negative	limma_robust_on_rppa_matrix	FOXO3a-R-C	FOXO3a	FOXO3	total	unique	curated_rppa_dict	TRUE	foxo3a
GAB2-R-V	-0.122145576925064	0.146835391826138	-1.98298398591025	0.0477978505552126	0.0743522119747752	-6.00228939629566	0.0477978505552126	0.0743522119747752	-1.98298398591025	RPPA	FALSE	not_significant	ER_positive_vs_ER_negative	ER_negative	ER_positive - ER_negative	limma_robust_on_rppa_matrix	GAB2-R-V	GAB2	GAB2	total	unique	curated_rppa_dict	TRUE	gab2
Smad4-M-C	0.0574954222176868	0.0877178530856079	1.91567737493214	0.0561123614045083	0.0868036530014493	-5.91002835044083	0.0561123614045083	0.0868036530014493	1.91567737493214	RPPA	FALSE	not_significant	ER_positive_vs_ER_negative	ER_negative	ER_positive - ER_negative	limma_robust_on_rppa_matrix	Smad4-M-C	Smad4	SMAD4	total	unique	curated_rppa_dict	TRUE	smad4
Caspase-8-M-E	0.0460010842726141	0.0343497818669545	1.90721575450252	0.0569417096003784	0.0876026301544284	-6.14885104923355	0.0569417096003784	0.0876026301544284	1.90721575450252	RPPA	FALSE	not_significant	ER_positive_vs_ER_negative	ER_negative	ER_positive - ER_negative	limma_robust_on_rppa_matrix	Caspase-8-M-E	Caspase-8	CASP8	total	unique	curated_rppa_dict	TRUE	caspase8
C-Raf_pS338-R-C	-0.0415210898416666	-0.0207485798293076	-1.90127208157176	0.0577285180178302	0.0883277871311064	-6.14503391353358	0.0577285180178302	0.0883277871311064	-1.90127208157176	RPPA	FALSE	not_significant	ER_positive_vs_ER_negative	ER_negative	ER_positive - ER_negative	limma_robust_on_rppa_matrix	C-Raf_pS338-R-C	C-Raf_pS338		phospho	unmapped		FALSE	crafps338
Bcl2A1-R-V	0.0697608907303909	0.138445716919545	1.8878472601061	0.0595002586366472	0.0905438718383762	-6.18541061137038	0.0595002586366472	0.0905438718383762	1.8878472601061	RPPA	FALSE	not_significant	ER_positive_vs_ER_negative	ER_negative	ER_positive - ER_negative	limma_robust_on_rppa_matrix	Bcl2A1-R-V	Bcl2A1	BCL2A1	total	unique	curated_rppa_dict	TRUE	bcl2a1
mTOR_pS2448-R-C	0.0592636159828135	-0.0363630801487441	1.85697646694897	0.0637754246690913	0.0965249670667328	-6.24291876448899	0.0637754246690913	0.0965249670667328	1.85697646694897	RPPA	FALSE	not_significant	ER_positive_vs_ER_negative	ER_negative	ER_positive - ER_negative	limma_robust_on_rppa_matrix	mTOR_pS2448-R-C	mTOR_pS2448		phospho	unmapped		FALSE	mtorps2448
ERCC5-R-C	0.0497583866030518	-0.0519630768222135	1.84756641387484	0.0651280736281262	0.0980422613756738	-6.26026191426497	0.0651280736281262	0.0980422613756738	1.84756641387484	RPPA	FALSE	not_significant	ER_positive_vs_ER_negative	ER_negative	ER_positive - ER_negative	limma_robust_on_rppa_matrix	ERCC5-R-C	ERCC5	ERCC5	total	unique	curated_rppa_dict	TRUE	ercc5
ARID1A-R-C	1.18526309741667	-0.4665184461875	2.29492514329497	0.0742143664768625	0.111123115580329	-3.8440538661553	0.0742143664768625	0.111123115580329	2.29492514329497	RPPA	FALSE	not_significant	ER_positive_vs_ER_negative	ER_negative	ER_positive - ER_negative	limma_robust_on_rppa_matrix	ARID1A-R-C	ARID1A		total	ambiguous_or_pan	curated_ambiguous_or_pan	FALSE	arid1a
ACVRL1-R-C	0.0491919019261946	0.0769061075380691	1.77998874546238	0.0755539309148845	0.112527131149828	-6.38224889310069	0.0755539309148845	0.112527131149828	1.77998874546238	RPPA	FALSE	not_significant	ER_positive_vs_ER_negative	ER_negative	ER_positive - ER_negative	limma_robust_on_rppa_matrix	ACVRL1-R-C	ACVRL1	ACVRL1	total	unique	curated_rppa_dict	TRUE	acvrl1
PAI-1-M-V	-0.117974986199947	0.109575477453301	-1.76236252185809	0.0784994567755395	0.116295491519318	-6.39821791318072	0.0784994567755395	0.116295491519318	-1.76236252185809	RPPA	FALSE	not_significant	ER_positive_vs_ER_negative	ER_negative	ER_positive - ER_negative	limma_robust_on_rppa_matrix	PAI-1-M-V	PAI-1	SERPINE1	total	unique	curated_rppa_dict	TRUE	pai1
Rab11-R-V	0.130395129802982	0.0117899888142202	1.76277217596073	0.0793359752330966	0.116916174027721	-5.87039832639105	0.0793359752330966	0.116916174027721	1.76277217596073	RPPA	FALSE	not_significant	ER_positive_vs_ER_negative	ER_negative	ER_positive - ER_negative	limma_robust_on_rppa_matrix	Rab11-R-V	Rab11		total	ambiguous_or_pan	curated_ambiguous_or_pan	FALSE	rab11
STAT5-alpha-R-V	-0.11577900408197	0.171108034512166	-1.75106696985087	0.080415199213414	0.117468910710512	-6.4330816394648	0.080415199213414	0.117468910710512	-1.75106696985087	RPPA	FALSE	not_significant	ER_positive_vs_ER_negative	ER_negative	ER_positive - ER_negative	limma_robust_on_rppa_matrix	STAT5-alpha-R-V	STAT5-alpha	STAT5A	total	unique	curated_rppa_dict	TRUE	stat5alpha
p21-R-C	0.0486579762406051	0.010574397557971	1.75035660404226	0.0805501102014937	0.117468910710512	-6.41920839849668	0.0805501102014937	0.117468910710512	1.75035660404226	RPPA	FALSE	not_significant	ER_positive_vs_ER_negative	ER_negative	ER_positive - ER_negative	limma_robust_on_rppa_matrix	p21-R-C	p21	CDKN1A	total	unique	curated_rppa_dict	TRUE	p21
TAZ-R-C	-0.0664352538021604	0.0476204249197248	-1.74697218192887	0.0820462711160486	0.119030859650226	-5.89776618769108	0.0820462711160486	0.119030859650226	-1.74697218192887	RPPA	FALSE	not_significant	ER_positive_vs_ER_negative	ER_negative	ER_positive - ER_negative	limma_robust_on_rppa_matrix	TAZ-R-C	TAZ	WWTR1	total	unique	curated_rppa_dict	TRUE	taz
Src-M-V	-0.0502613840954022	0.0340681705961539	-1.73705782803985	0.0828598518442605	0.119591538744293	-6.45740753458524	0.0828598518442605	0.119591538744293	-1.73705782803985	RPPA	FALSE	not_significant	ER_positive_vs_ER_negative	ER_negative	ER_positive - ER_negative	limma_robust_on_rppa_matrix	Src-M-V	Src	SRC	total	unique	curated_rppa_dict	TRUE	src
Bax-R-V	0.0510154297000134	0.0608764656754317	1.70334355685323	0.088991064647188	0.12778204154468	-6.51515648814354	0.088991064647188	0.12778204154468	1.70334355685323	RPPA	FALSE	not_significant	ER_positive_vs_ER_negative	ER_negative	ER_positive - ER_negative	limma_robust_on_rppa_matrix	Bax-R-V	Bax	BAX	total	unique	curated_rppa_dict	TRUE	bax
B-Raf-M-E	0.0964449060673355	0.0299809131215781	1.6907507493224	0.0913856862773614	0.130550980396231	-6.52131572380563	0.0913856862773614	0.130550980396231	1.6907507493224	RPPA	FALSE	not_significant	ER_positive_vs_ER_negative	ER_negative	ER_positive - ER_negative	limma_robust_on_rppa_matrix	B-Raf-M-E	B-Raf	BRAF	total	unique	curated_rppa_dict	TRUE	braf
Bap1-c-4-M-E	0.764607588083333	-0.1233963106875	2.11610637519556	0.0921562714343404	0.130983533003123	-4.01360875578918	0.0921562714343404	0.130983533003123	2.11610637519556	RPPA	FALSE	not_significant	ER_positive_vs_ER_negative	ER_negative	ER_positive - ER_negative	limma_robust_on_rppa_matrix	Bap1-c-4-M-E	Bap1-c-4	BAP1	total	unique	curated_rppa_dict	TRUE	bap1c4
YAP-R-E	-0.065193080294863	0.0229668466473684	-1.67160513649655	0.0962427467959023	0.134918579853208	-6.01448998146146	0.0962427467959023	0.134918579853208	-1.67160513649655	RPPA	FALSE	not_significant	ER_positive_vs_ER_negative	ER_negative	ER_positive - ER_negative	limma_robust_on_rppa_matrix	YAP-R-E	YAP	YAP1	total	unique	curated_rppa_dict	TRUE	yap
INPP4B-R-V	0.782761573416667	-0.0685427711875	2.07987137795401	0.0963324727689419	0.134918579853208	-4.04843983379631	0.0963324727689419	0.134918579853208	2.07987137795401	RPPA	FALSE	not_significant	ER_positive_vs_ER_negative	ER_negative	ER_positive - ER_negative	limma_robust_on_rppa_matrix	INPP4B-R-V	INPP4B	INPP4B	total	unique	curated_rppa_dict	TRUE	inpp4b
PKC-delta_pS664-R-V	-0.0318805142774262	-0.0641440065333595	-1.66516819205234	0.0963704141808628	0.134918579853208	-6.5791926813152	0.0963704141808628	0.134918579853208	-1.66516819205234	RPPA	FALSE	not_significant	ER_positive_vs_ER_negative	ER_negative	ER_positive - ER_negative	limma_robust_on_rppa_matrix	PKC-delta_pS664-R-V	PKC-delta_pS664		phospho	unmapped		FALSE	pkcdeltaps664
PRDX1-R-V	-0.760980948916667	0.1427645060625	-2.05339518547341	0.0995116483076199	0.138623191672306	-4.07397507115533	0.0995116483076199	0.138623191672306	-2.05339518547341	RPPA	FALSE	not_significant	ER_positive_vs_ER_negative	ER_negative	ER_positive - ER_negative	limma_robust_on_rppa_matrix	PRDX1-R-V	PRDX1	PRDX1	total	unique	curated_rppa_dict	TRUE	prdx1
HSP70-R-C	-0.148667668719014	0.144633494171507	-1.6420439921619	0.101073937390821	0.140102487472426	-6.61728194979228	0.101073937390821	0.140102487472426	-1.6420439921619	RPPA	FALSE	not_significant	ER_positive_vs_ER_negative	ER_negative	ER_positive - ER_negative	limma_robust_on_rppa_matrix	HSP70-R-C	HSP70		total	ambiguous_or_pan	curated_ambiguous_or_pan	FALSE	hsp70
14-3-3_epsilon-M-C	0.0335482169383817	0.0431659153865777	1.62011091027468	0.105702861923706	0.145797050929249	-6.65292118322689	0.105702861923706	0.145797050929249	1.62011091027468	RPPA	FALSE	not_significant	ER_positive_vs_ER_negative	ER_negative	ER_positive - ER_negative	limma_robust_on_rppa_matrix	14-3-3_epsilon-M-C	14-3-3_epsilon	YWHAE	total	unique	curated_rppa_dict	TRUE	1433epsilon
IGF1R_pY1135_Y1136-R-V	0.0359666348936287	-0.000799559024725259	1.61024495164208	0.10783928536871	0.148014705408033	-6.66879746828251	0.10783928536871	0.148014705408033	1.61024495164208	RPPA	FALSE	not_significant	ER_positive_vs_ER_negative	ER_negative	ER_positive - ER_negative	limma_robust_on_rppa_matrix	IGF1R_pY1135_Y1136-R-V	IGF1R_pY1135_Y1136		phospho	unmapped		FALSE	igf1rpy1135y1136
c-Met-M-E	0.0368455756437559	0.0359699107680534	1.59914158769282	0.110284493338083	0.150373335489389	-6.68654993697257	0.110284493338083	0.150373335489389	1.59914158769282	RPPA	FALSE	not_significant	ER_positive_vs_ER_negative	ER_negative	ER_positive - ER_negative	limma_robust_on_rppa_matrix	c-Met-M-E	c-Met	MET	total	unique	curated_rppa_dict	TRUE	cmet
NF2-R-C	-0.0443023629250234	0.0384720995160911	-1.59758032621492	0.110631811110051	0.150373335489389	-6.68903636819885	0.110631811110051	0.150373335489389	-1.59758032621492	RPPA	FALSE	not_significant	ER_positive_vs_ER_negative	ER_negative	ER_positive - ER_negative	limma_robust_on_rppa_matrix	NF2-R-C	NF2	NF2	total	unique	curated_rppa_dict	TRUE	nf2
C-Raf-R-V	-0.0384751324304176	0.014135379883438	-1.57004249495741	0.11690128916804	0.158127347666914	-6.73249644259774	0.11690128916804	0.158127347666914	-1.57004249495741	RPPA	FALSE	not_significant	ER_positive_vs_ER_negative	ER_negative	ER_positive - ER_negative	limma_robust_on_rppa_matrix	C-Raf-R-V	C-Raf	RAF1	total	unique	curated_rppa_dict	TRUE	craf
c-Abl-R-V	0.0347255868020077	0.00137768153257457	1.540576916956	0.12391587480275	0.16680983146524	-6.77816842545407	0.12391587480275	0.16680983146524	1.540576916956	RPPA	FALSE	not_significant	ER_positive_vs_ER_negative	ER_negative	ER_positive - ER_negative	limma_robust_on_rppa_matrix	c-Abl-R-V	c-Abl	ABL1	total	unique	curated_rppa_dict	TRUE	cabl
Smad4-M-V	-0.0342469125489131	0.00940338108428568	-1.51673613368459	0.130234304166161	0.17447657974414	-6.54225056494661	0.130234304166161	0.17447657974414	-1.51673613368459	RPPA	FALSE	not_significant	ER_positive_vs_ER_negative	ER_negative	ER_positive - ER_negative	limma_robust_on_rppa_matrix	Smad4-M-V	Smad4	SMAD4	total	unique	curated_rppa_dict	TRUE	smad4
Acetyl-a-Tubulin-Lys40-R-C	1.12681603275	-1.1498076781875	1.7941240054754	0.137196061813012	0.18292808241735	-4.32665513273267	0.137196061813012	0.18292808241735	1.7941240054754	RPPA	FALSE	not_significant	ER_positive_vs_ER_negative	ER_negative	ER_positive - ER_negative	limma_robust_on_rppa_matrix	Acetyl-a-Tubulin-Lys40-R-C	Acetyl-a-Tubulin-Lys40		modified	unmapped		FALSE	acetylatubulinlys40
PCNA-M-C	-0.0630659371470872	-0.0257130096315789	-1.47678673179837	0.14138272600325	0.187148326307548	-6.31768973447287	0.14138272600325	0.187148326307548	-1.47678673179837	RPPA	FALSE	not_significant	ER_positive_vs_ER_negative	ER_negative	ER_positive - ER_negative	limma_robust_on_rppa_matrix	PCNA-M-C	PCNA	PCNA	total	unique	curated_rppa_dict	TRUE	pcna
beta-Catenin-R-V	-0.0985296949327332	0.00629197847684459	-1.47131962628161	0.141698018490001	0.187148326307548	-6.88213543965255	0.141698018490001	0.187148326307548	-1.47131962628161	RPPA	FALSE	not_significant	ER_positive_vs_ER_negative	ER_negative	ER_positive - ER_negative	limma_robust_on_rppa_matrix	beta-Catenin-R-V	beta-Catenin	CTNNB1	total	unique	curated_rppa_dict	TRUE	betacatenin
Shc_pY317-R-E	-0.62431246025	-0.1154808294375	-1.76397914653092	0.142456597066512	0.18726688816255	-4.35618932868485	0.142456597066512	0.18726688816255	-1.76397914653092	RPPA	FALSE	not_significant	ER_positive_vs_ER_negative	ER_negative	ER_positive - ER_negative	limma_robust_on_rppa_matrix	Shc_pY317-R-E	Shc_pY317		phospho	unmapped		FALSE	shcpy317
Paxillin-R-C	0.0768945048728826	0.0495810325736842	1.43268096020877	0.153586722727013	0.200954590483942	-6.38124572181016	0.153586722727013	0.200954590483942	1.43268096020877	RPPA	FALSE	not_significant	ER_positive_vs_ER_negative	ER_negative	ER_positive - ER_negative	limma_robust_on_rppa_matrix	Paxillin-R-C	Paxillin	PXN	total	unique	curated_rppa_dict	TRUE	paxillin
SHP-2_pY542-R-C	0.0547143443967943	-0.0137540739470173	1.41225668485125	0.158362236773178	0.206239192076697	-6.96704670116683	0.158362236773178	0.206239192076697	1.41225668485125	RPPA	FALSE	not_significant	ER_positive_vs_ER_negative	ER_negative	ER_positive - ER_negative	limma_robust_on_rppa_matrix	SHP-2_pY542-R-C	SHP-2_pY542		phospho	unmapped		FALSE	shp2py542
ETS-1-R-V	-0.0404182965676483	0.103732906281397	-1.38573540475294	0.166312170433528	0.215589850561981	-7.00405020428266	0.166312170433528	0.215589850561981	-1.38573540475294	RPPA	FALSE	not_significant	ER_positive_vs_ER_negative	ER_negative	ER_positive - ER_negative	limma_robust_on_rppa_matrix	ETS-1-R-V	ETS-1	ETS1	total	unique	curated_rppa_dict	TRUE	ets1
Src_pY527-R-V	0.0753099569103397	0.106835616676217	1.36951675204464	0.171319911996845	0.221057950963671	-7.02633550072011	0.171319911996845	0.221057950963671	1.36951675204464	RPPA	FALSE	not_significant	ER_positive_vs_ER_negative	ER_negative	ER_positive - ER_negative	limma_robust_on_rppa_matrix	Src_pY527-R-V	Src_pY527		phospho	unmapped		FALSE	srcpy527
DJ-1-R-E	-0.509507841916667	-0.0437459496875	-1.57104325011987	0.181364150557637	0.232944780532745	-4.54460945998242	0.181364150557637	0.232944780532745	-1.57104325011987	RPPA	FALSE	not_significant	ER_positive_vs_ER_negative	ER_negative	ER_positive - ER_negative	limma_robust_on_rppa_matrix	DJ-1-R-E	DJ-1	PARK7	total	unique	curated_rppa_dict	TRUE	dj1
14-3-3_beta-R-V	0.0281845025723665	0.0290816650616169	1.27653057454581	0.202232734339215	0.257968439443335	-7.14906731104587	0.202232734339215	0.257968439443335	1.27653057454581	RPPA	FALSE	not_significant	ER_positive_vs_ER_negative	ER_negative	ER_positive - ER_negative	limma_robust_on_rppa_matrix	14-3-3_beta-R-V	14-3-3_beta	YWHAB	total	unique	curated_rppa_dict	TRUE	1433beta
EPPK1-M-E	0.79975385475	-0.8237728386875	1.48224179100285	0.202689488134049	0.257968439443335	-4.63036352150441	0.202689488134049	0.257968439443335	1.48224179100285	RPPA	FALSE	not_significant	ER_positive_vs_ER_negative	ER_negative	ER_positive - ER_negative	limma_robust_on_rppa_matrix	EPPK1-M-E	EPPK1	EPPK1	total	unique	curated_rppa_dict	TRUE	eppk1
ERCC1-M-V	-0.0235420063183313	-0.0493026705852	-1.22975746821988	0.219250175252297	0.277783027468974	-7.19565716931803	0.219250175252297	0.277783027468974	-1.22975746821988	RPPA	FALSE	not_significant	ER_positive_vs_ER_negative	ER_negative	ER_positive - ER_negative	limma_robust_on_rppa_matrix	ERCC1-M-V	ERCC1	ERCC1	total	unique	curated_rppa_dict	TRUE	ercc1
p90RSK_pT359_S363-R-C	-0.0320511243822446	-0.0153229412570644	-1.20516411970311	0.228587013765873	0.28830794529029	-7.23744192183874	0.228587013765873	0.28830794529029	-1.20516411970311	RPPA	FALSE	not_significant	ER_positive_vs_ER_negative	ER_negative	ER_positive - ER_negative	limma_robust_on_rppa_matrix	p90RSK_pT359_S363-R-C	p90RSK_pT359_S363		phospho	unmapped		FALSE	p90rskpt359s363
PRDX1-R-E	-0.0369285926759871	0.0187116611667975	-1.19372275976247	0.23303034775299	0.292594158613619	-7.25113944471032	0.23303034775299	0.292594158613619	-1.19372275976247	RPPA	FALSE	not_significant	ER_positive_vs_ER_negative	ER_negative	ER_positive - ER_negative	limma_robust_on_rppa_matrix	PRDX1-R-E	PRDX1	PRDX1	total	unique	curated_rppa_dict	TRUE	prdx1
MEK1_pS217_S221-R-V	0.0370461061294338	0.0307772084870487	1.11246618843996	0.26635698566593	0.332946232082412	-7.3446759392944	0.26635698566593	0.332946232082412	1.11246618843996	RPPA	FALSE	not_significant	ER_positive_vs_ER_negative	ER_negative	ER_positive - ER_negative	limma_robust_on_rppa_matrix	MEK1_pS217_S221-R-V	MEK1_pS217_S221		phospho	unmapped		FALSE	mek1ps217s221
Fibronectin-R-V	0.0946443789025432	0.048526370330063	1.10258478700751	0.270623485354686	0.33387871455704	-7.35560294543027	0.270623485354686	0.33387871455704	1.10258478700751	RPPA	FALSE	not_significant	ER_positive_vs_ER_negative	ER_negative	ER_positive - ER_negative	limma_robust_on_rppa_matrix	Fibronectin-R-V	Fibronectin	FN1	total	unique	curated_rppa_dict	TRUE	fibronectin
PKC-pan_BetaII_pS660-R-V	-0.0464238956035804	0.0597443545639718	-1.10206988707784	0.270847083987016	0.33387871455704	-7.35616966754418	0.270847083987016	0.33387871455704	-1.10206988707784	RPPA	FALSE	not_significant	ER_positive_vs_ER_negative	ER_negative	ER_positive - ER_negative	limma_robust_on_rppa_matrix	PKC-pan_BetaII_pS660-R-V	PKC-pan_BetaII_pS660		phospho	unmapped		FALSE	pkcpanbetaiips660
CD49b-M-V	0.0374584135289453	-0.0130104257994505	1.09775804600897	0.272724510044309	0.33387871455704	-7.36090512375237	0.272724510044309	0.33387871455704	1.09775804600897	RPPA	FALSE	not_significant	ER_positive_vs_ER_negative	ER_negative	ER_positive - ER_negative	limma_robust_on_rppa_matrix	CD49b-M-V	CD49b	ITGA2	total	unique	curated_rppa_dict	TRUE	cd49b
ERK2-R-E	0.046616451871202	0.0202706348237834	1.09721742247478	0.272960531942146	0.33387871455704	-7.36149755590082	0.272960531942146	0.33387871455704	1.09721742247478	RPPA	FALSE	not_significant	ER_positive_vs_ER_negative	ER_negative	ER_positive - ER_negative	limma_robust_on_rppa_matrix	ERK2-R-E	ERK2	MAPK1	total	unique	curated_rppa_dict	TRUE	erk2
Shc_pY317-R-V	-0.0435211162642217	-0.0335100070600472	-1.09697802432494	0.273065091548436	0.33387871455704	-7.36175980299293	0.273065091548436	0.33387871455704	-1.09697802432494	RPPA	FALSE	not_significant	ER_positive_vs_ER_negative	ER_negative	ER_positive - ER_negative	limma_robust_on_rppa_matrix	Shc_pY317-R-V	Shc_pY317		phospho	unmapped		FALSE	shcpy317
Heregulin-R-V	-0.027366511833302	0.0891041418253532	-1.08857187335233	0.276753980095604	0.336774523995265	-7.37093211722636	0.276753980095604	0.336774523995265	-1.08857187335233	RPPA	FALSE	not_significant	ER_positive_vs_ER_negative	ER_negative	ER_positive - ER_negative	limma_robust_on_rppa_matrix	Heregulin-R-V	Heregulin		total	ambiguous_or_pan	curated_ambiguous_or_pan	FALSE	heregulin
XBP1-G-C	-0.0323282451456632	-0.0293386221063579	-1.08611398751468	0.277838982296093	0.336774523995265	-7.37360074082587	0.277838982296093	0.336774523995265	-1.08611398751468	RPPA	FALSE	not_significant	ER_positive_vs_ER_negative	ER_negative	ER_positive - ER_negative	limma_robust_on_rppa_matrix	XBP1-G-C	XBP1	XBP1	total	unique	curated_rppa_dict	TRUE	xbp1
YAP_pS127-R-E	-0.0881123760750585	0.0747998457526316	-1.07850150851303	0.282172668832852	0.340553221005167	-6.82291999573684	0.282172668832852	0.340553221005167	-1.07850150851303	RPPA	FALSE	not_significant	ER_positive_vs_ER_negative	ER_negative	ER_positive - ER_negative	limma_robust_on_rppa_matrix	YAP_pS127-R-E	YAP_pS127		phospho	unmapped		FALSE	yapps127
Chk1-M-C	0.35615412075	-0.2100615651875	1.19177433961408	0.29064054093637	0.347967831873094	-4.90074750087345	0.29064054093637	0.347967831873094	1.19177433961408	RPPA	FALSE	not_significant	ER_positive_vs_ER_negative	ER_negative	ER_positive - ER_negative	limma_robust_on_rppa_matrix	Chk1-M-C	Chk1	CHEK1	total	unique	curated_rppa_dict	TRUE	chk1
CD20-R-C	0.0267591460105207	0.0389003289109105	1.05566277638274	0.291522113239176	0.347967831873094	-7.40616430045378	0.291522113239176	0.347967831873094	1.05566277638274	RPPA	FALSE	not_significant	ER_positive_vs_ER_negative	ER_negative	ER_positive - ER_negative	limma_robust_on_rppa_matrix	CD20-R-C	CD20	MS4A1	total	unique	curated_rppa_dict	TRUE	cd20
Rad51-R-V	0.56705430175	-0.0599024609375	1.18784179481412	0.292044430322061	0.347967831873094	-4.90425493464219	0.292044430322061	0.347967831873094	1.18784179481412	RPPA	FALSE	not_significant	ER_positive_vs_ER_negative	ER_negative	ER_positive - ER_negative	limma_robust_on_rppa_matrix	Rad51-R-V	Rad51	RAD51	total	unique	curated_rppa_dict	TRUE	rad51
HER3_pY1289-R-V	0.0415087066623305	0.0779294516017363	1.02856370947644	0.304300680767772	0.361034705995662	-7.209144406161	0.304300680767772	0.361034705995662	1.02856370947644	RPPA	FALSE	not_significant	ER_positive_vs_ER_negative	ER_negative	ER_positive - ER_negative	limma_robust_on_rppa_matrix	HER3_pY1289-R-V	HER3_pY1289		phospho	unmapped		FALSE	her3py1289
N-Cadherin-R-V	-0.0291086321317228	0.0288874080757457	-1.01946600991959	0.308368416141284	0.364317116116285	-7.44367159110533	0.308368416141284	0.364317116116285	-1.01946600991959	RPPA	FALSE	not_significant	ER_positive_vs_ER_negative	ER_negative	ER_positive - ER_negative	limma_robust_on_rppa_matrix	N-Cadherin-R-V	N-Cadherin	CDH2	total	unique	curated_rppa_dict	TRUE	ncadherin
Cyclin_E2-R-C	-0.0252835218163631	0.0727002308284929	-0.999362073503377	0.317998409288367	0.374115775633373	-7.46394004797932	0.317998409288367	0.374115775633373	-0.999362073503377	RPPA	FALSE	not_significant	ER_positive_vs_ER_negative	ER_negative	ER_positive - ER_negative	limma_robust_on_rppa_matrix	Cyclin_E2-R-C	Cyclin_E2	CCNE2	total	unique	curated_rppa_dict	TRUE	cycline2
Caspase-3-R-E	0.516467658083333	0.7848210158125	1.08182214003613	0.332251072892201	0.389248118869524	-4.99673101525822	0.332251072892201	0.389248118869524	1.08182214003613	RPPA	FALSE	not_significant	ER_positive_vs_ER_negative	ER_negative	ER_positive - ER_negative	limma_robust_on_rppa_matrix	Caspase-3-R-E	Caspase-3	CASP3	total	unique	curated_rppa_dict	TRUE	caspase3
ARID1A-M-V	0.0203535500100455	-0.0313868198630298	0.92388558248075	0.355895365135007	0.415211259324174	-7.53644211596514	0.355895365135007	0.415211259324174	0.92388558248075	RPPA	FALSE	not_significant	ER_positive_vs_ER_negative	ER_negative	ER_positive - ER_negative	limma_robust_on_rppa_matrix	ARID1A-M-V	ARID1A		total	ambiguous_or_pan	curated_ambiguous_or_pan	FALSE	arid1a
HER2_pY1248-R-C	-0.0905597354819683	0.196054509964286	-0.919430484091239	0.358502500239497	0.416517427664146	-7.26713911610012	0.358502500239497	0.416517427664146	-0.919430484091239	RPPA	FALSE	not_significant	ER_positive_vs_ER_negative	ER_negative	ER_positive - ER_negative	limma_robust_on_rppa_matrix	HER2_pY1248-R-C	HER2_pY1248		phospho	unmapped		FALSE	her2py1248
GSK3-alpha-beta_pS21_S9-R-V	0.0550372273806989	0.115916692872449	0.901781834197171	0.36751326238764	0.425221956481567	-7.55660043128129	0.36751326238764	0.425221956481567	0.901781834197171	RPPA	FALSE	not_significant	ER_positive_vs_ER_negative	ER_negative	ER_positive - ER_negative	limma_robust_on_rppa_matrix	GSK3-alpha-beta_pS21_S9-R-V	GSK3-alpha-beta_pS21_S9		phospho	unmapped		FALSE	gsk3alphabetaps21s9
Bcl-xL-R-V	0.0253237005169784	0.0391543930014286	0.899094988271579	0.369219062218909	0.425437602556767	-7.28560048685979	0.369219062218909	0.425437602556767	0.899094988271579	RPPA	FALSE	not_significant	ER_positive_vs_ER_negative	ER_negative	ER_positive - ER_negative	limma_robust_on_rppa_matrix	Bcl-xL-R-V	Bcl-xL	BCL2L1	total	unique	curated_rppa_dict	TRUE	bclxl
Rictor_pT1135-R-V	0.0213915718625486	-0.0125678720671115	0.880959203541781	0.378671826555944	0.4345414403101	-7.57514500618626	0.378671826555944	0.4345414403101	0.880959203541781	RPPA	FALSE	not_significant	ER_positive_vs_ER_negative	ER_negative	ER_positive - ER_negative	limma_robust_on_rppa_matrix	Rictor_pT1135-R-V	Rictor_pT1135		phospho	unmapped		FALSE	rictorpt1135
Caspase-9-R-E	0.29732981475	0.3768853128125	0.928389723470937	0.39887008993967	0.455851531359623	-5.12214057428209	0.39887008993967	0.455851531359623	0.928389723470937	RPPA	FALSE	not_significant	ER_positive_vs_ER_negative	ER_negative	ER_positive - ER_negative	limma_robust_on_rppa_matrix	Caspase-9-R-E	Caspase-9	CASP9	total	unique	curated_rppa_dict	TRUE	caspase9
ATM-R-E	0.284862404083333	-0.3026327821875	0.908170688563236	0.408420696337163	0.463721320161022	-5.13779802137896	0.408420696337163	0.463721320161022	0.908170688563236	RPPA	FALSE	not_significant	ER_positive_vs_ER_negative	ER_negative	ER_positive - ER_negative	limma_robust_on_rppa_matrix	ATM-R-E	ATM	ATM	total	unique	curated_rppa_dict	TRUE	atm
Bap1-c-4-M-V	-0.0218953166200241	-0.0025737913999215	-0.826078653577146	0.409068450284902	0.463721320161022	-7.62195075283036	0.409068450284902	0.463721320161022	-0.826078653577146	RPPA	FALSE	not_significant	ER_positive_vs_ER_negative	ER_negative	ER_positive - ER_negative	limma_robust_on_rppa_matrix	Bap1-c-4-M-V	Bap1-c-4	BAP1	total	unique	curated_rppa_dict	TRUE	bap1c4
YB-1-R-V	-0.0274135708778276	0.0113238167429356	-0.806416568538993	0.420303351106995	0.474536041572414	-7.63798918444019	0.420303351106995	0.474536041572414	-0.806416568538993	RPPA	FALSE	not_significant	ER_positive_vs_ER_negative	ER_negative	ER_positive - ER_negative	limma_robust_on_rppa_matrix	YB-1-R-V	YB-1	YBX1	total	unique	curated_rppa_dict	TRUE	yb1
YAP_pS127-R-C	-0.0423528116803503	0.12287556994686	-0.790811941927788	0.429355332041486	0.482809208721349	-7.6352460523397	0.429355332041486	0.482809208721349	-0.790811941927788	RPPA	FALSE	not_significant	ER_positive_vs_ER_negative	ER_negative	ER_positive - ER_negative	limma_robust_on_rppa_matrix	YAP_pS127-R-C	YAP_pS127		phospho	unmapped		FALSE	yapps127
PCNA-M-V	-0.0209569981186729	0.0435485068832528	-0.777661878274445	0.437064221611784	0.489511928205199	-7.64555255306508	0.437064221611784	0.489511928205199	-0.777661878274445	RPPA	FALSE	not_significant	ER_positive_vs_ER_negative	ER_negative	ER_positive - ER_negative	limma_robust_on_rppa_matrix	PCNA-M-V	PCNA	PCNA	total	unique	curated_rppa_dict	TRUE	pcna
Rab25-R-V	0.0330172443783429	0.0247913303967818	0.766508906957765	0.443657228748512	0.494451681300435	-7.66935648521928	0.443657228748512	0.494451681300435	0.766508906957765	RPPA	FALSE	not_significant	ER_positive_vs_ER_negative	ER_negative	ER_positive - ER_negative	limma_robust_on_rppa_matrix	Rab25-R-V	Rab25	RAB25	total	unique	curated_rppa_dict	TRUE	rab25
HER2-M-V	0.0700713170926381	0.155147891289246	0.764240717590975	0.445006513170391	0.494451681300435	-7.67109156223615	0.445006513170391	0.494451681300435	0.764240717590975	RPPA	FALSE	not_significant	ER_positive_vs_ER_negative	ER_negative	ER_positive - ER_negative	limma_robust_on_rppa_matrix	HER2-M-V	HER2	ERBB2	total	unique	curated_rppa_dict	TRUE	her2
p62-LCK-ligand-M-C	0.726720453416666	0.1467350798125	0.765740239404323	0.480893616065284	0.532214278649326	-5.24140303260515	0.480893616065284	0.532214278649326	0.765740239404323	RPPA	FALSE	not_significant	ER_positive_vs_ER_negative	ER_negative	ER_positive - ER_negative	limma_robust_on_rppa_matrix	p62-LCK-ligand-M-C	p62-LCK-ligand		total	unmapped		FALSE	p62lckligand
Bak-R-C	0.0187140714138961	0.0912552350974236	0.682038172371344	0.495468848728704	0.546186132456839	-7.71531011340599	0.495468848728704	0.546186132456839	0.682038172371344	RPPA	FALSE	not_significant	ER_positive_vs_ER_negative	ER_negative	ER_positive - ER_negative	limma_robust_on_rppa_matrix	Bak-R-C	Bak	BAK1	total	unique	curated_rppa_dict	TRUE	bak
GSK3-alpha-beta-M-V	-0.024573751532934	0.00633511181514915	-0.67561024263471	0.499533070668817	0.548506901126544	-7.73487098127925	0.499533070668817	0.548506901126544	-0.67561024263471	RPPA	FALSE	not_significant	ER_positive_vs_ER_negative	ER_negative	ER_positive - ER_negative	limma_robust_on_rppa_matrix	GSK3-alpha-beta-M-V	GSK3-alpha-beta		total	ambiguous_or_pan	curated_ambiguous_or_pan	FALSE	gsk3alphabeta
TTF1-R-V	-0.25202124025	1.2791355965625	-0.667273550585957	0.536291283812157	0.586568591669546	-5.30536663723055	0.536291283812157	0.586568591669546	-0.667273550585957	RPPA	FALSE	not_significant	ER_positive_vs_ER_negative	ER_negative	ER_positive - ER_negative	limma_robust_on_rppa_matrix	TTF1-R-V	TTF1	NKX2-1	total	unique	curated_rppa_dict	TRUE	ttf1
EGFR_pY1173-R-V	0.0165828141458238	0.0431778477711931	0.581625712050919	0.56102437157904	0.611232778374051	-7.79393688426769	0.56102437157904	0.611232778374051	0.581625712050919	RPPA	FALSE	not_significant	ER_positive_vs_ER_negative	ER_negative	ER_positive - ER_negative	limma_robust_on_rppa_matrix	EGFR_pY1173-R-V	EGFR_pY1173		phospho	unmapped		FALSE	egfrpy1173
HER2_pY1248-R-V	-0.0496444854242922	0.155448418353598	-0.577154573950377	0.564156794039136	0.612263187329295	-7.57115828942049	0.564156794039136	0.612263187329295	-0.577154573950377	RPPA	FALSE	not_significant	ER_positive_vs_ER_negative	ER_negative	ER_positive - ER_negative	limma_robust_on_rppa_matrix	HER2_pY1248-R-V	HER2_pY1248		phospho	unmapped		FALSE	her2py1248
Beclin-G-C	0.0187963661746316	-0.00473709929999999	0.536354789277968	0.592338652898403	0.640366111241517	-7.25969369753251	0.592338652898403	0.640366111241517	0.536354789277968	RPPA	FALSE	not_significant	ER_positive_vs_ER_negative	ER_negative	ER_positive - ER_negative	limma_robust_on_rppa_matrix	Beclin-G-C	Beclin	BECN1	total	unique	curated_rppa_dict	TRUE	beclin
eIF4E-R-V	0.0113394509505421	0.0422429063661696	0.478333725545991	0.632576651445876	0.68123639386479	-7.84867591822481	0.632576651445876	0.68123639386479	0.478333725545991	RPPA	FALSE	not_significant	ER_positive_vs_ER_negative	ER_negative	ER_positive - ER_negative	limma_robust_on_rppa_matrix	eIF4E-R-V	eIF4E	EIF4E	total	unique	curated_rppa_dict	TRUE	eif4e
p62-LCK-ligand-M-E	0.0290488363017535	0.0748038353967818	0.366154923299305	0.714370925778955	0.766374939532979	-7.89604723648311	0.714370925778955	0.766374939532979	0.366154923299305	RPPA	FALSE	not_significant	ER_positive_vs_ER_negative	ER_negative	ER_positive - ER_negative	limma_robust_on_rppa_matrix	p62-LCK-ligand-M-E	p62-LCK-ligand		total	unmapped		FALSE	p62lckligand
Chk2-M-E	0.199956723083333	-0.1921564199375	0.364572198320945	0.731429251410982	0.780778753709177	-5.45462731442333	0.731429251410982	0.780778753709177	0.364572198320945	RPPA	FALSE	not_significant	ER_positive_vs_ER_negative	ER_negative	ER_positive - ER_negative	limma_robust_on_rppa_matrix	Chk2-M-E	Chk2	CHEK2	total	unique	curated_rppa_dict	TRUE	chk2
N-Ras-M-V	0.00716910901669787	0.0343516145553375	0.340789470191002	0.733374329376834	0.780778753709177	-7.90501485526665	0.733374329376834	0.780778753709177	0.340789470191002	RPPA	FALSE	not_significant	ER_positive_vs_ER_negative	ER_negative	ER_positive - ER_negative	limma_robust_on_rppa_matrix	N-Ras-M-V	N-Ras	NRAS	total	unique	curated_rppa_dict	TRUE	nras
alpha-Catenin-M-V	0.103369599416667	0.0759660083125	0.340000788410222	0.748681484610759	0.794056120041714	-5.46323030715854	0.748681484610759	0.794056120041714	0.340000788410222	RPPA	FALSE	not_significant	ER_positive_vs_ER_negative	ER_negative	ER_positive - ER_negative	limma_robust_on_rppa_matrix	alpha-Catenin-M-V	alpha-Catenin	CTNNA1	total	unique	curated_rppa_dict	TRUE	alphacatenin
E-Cadherin-R-V	-0.0276634840585995	-0.227036185383438	-0.27510414651004	0.783325342207236	0.826703711073866	-7.92524705994063	0.783325342207236	0.826703711073866	-0.27510414651004	RPPA	FALSE	not_significant	ER_positive_vs_ER_negative	ER_negative	ER_positive - ER_negative	limma_robust_on_rppa_matrix	E-Cadherin-R-V	E-Cadherin	CDH1	total	unique	curated_rppa_dict	TRUE	ecadherin
PEA15_pS116-R-V	-0.00775908581406771	0.0407183808355573	-0.272444414215925	0.785368525520173	0.826703711073866	-7.92597541647078	0.785368525520173	0.826703711073866	-0.272444414215925	RPPA	FALSE	not_significant	ER_positive_vs_ER_negative	ER_negative	ER_positive - ER_negative	limma_robust_on_rppa_matrix	PEA15_pS116-R-V	PEA15_pS116		phospho	unmapped		FALSE	pea15ps116
DUSP4-R-V	0.0188674728004952	-0.0622692499925431	0.256214810388096	0.797867609875034	0.836715096498163	-7.93026653592962	0.797867609875034	0.836715096498163	0.256214810388096	RPPA	FALSE	not_significant	ER_positive_vs_ER_negative	ER_negative	ER_positive - ER_negative	limma_robust_on_rppa_matrix	DUSP4-R-V	DUSP4	DUSP4	total	unique	curated_rppa_dict	TRUE	dusp4
p21-R-V	-0.0100813632770969	0.00451581602631579	-0.217233694607519	0.828258532958287	0.865344735926568	-7.38002194245519	0.828258532958287	0.865344735926568	-0.217233694607519	RPPA	FALSE	not_significant	ER_positive_vs_ER_negative	ER_negative	ER_positive - ER_negative	limma_robust_on_rppa_matrix	p21-R-V	p21	CDKN1A	total	unique	curated_rppa_dict	TRUE	p21
p38_pT180_Y182-R-V	-0.0114739986600054	0.0616606358371272	-0.212771504716343	0.83157319311175	0.865578044874684	-7.94045666715835	0.83157319311175	0.865578044874684	-0.212771504716343	RPPA	FALSE	not_significant	ER_positive_vs_ER_negative	ER_negative	ER_positive - ER_negative	limma_robust_on_rppa_matrix	p38_pT180_Y182-R-V	p38_pT180_Y182		phospho	unmapped		FALSE	p38pt180y182
ERCC1-M-E	-0.00548590912367441	-0.00509607138947368	-0.199027130552141	0.842453620788777	0.873655606743917	-7.38381644379446	0.842453620788777	0.873655606743917	-0.199027130552141	RPPA	FALSE	not_significant	ER_positive_vs_ER_negative	ER_negative	ER_positive - ER_negative	limma_robust_on_rppa_matrix	ERCC1-M-E	ERCC1	ERCC1	total	unique	curated_rppa_dict	TRUE	ercc1
p70S6K_pT389-R-V	0.0061360258257462	-0.0116939241393249	0.193376934598065	0.84672535820606	0.874845388552387	-7.94439644125737	0.84672535820606	0.874845388552387	0.193376934598065	RPPA	FALSE	not_significant	ER_positive_vs_ER_negative	ER_negative	ER_positive - ER_negative	limma_robust_on_rppa_matrix	p70S6K_pT389-R-V	p70S6K_pT389		phospho	unmapped		FALSE	p70s6kpt389
GSK3_pS9-R-V	0.011641847666477	0.0826746085765306	0.18459134600748	0.853608265862626	0.878714391329174	-7.94605731419662	0.853608265862626	0.878714391329174	0.18459134600748	RPPA	FALSE	not_significant	ER_positive_vs_ER_negative	ER_negative	ER_positive - ER_negative	limma_robust_on_rppa_matrix	GSK3_pS9-R-V	GSK3_pS9		phospho	unmapped		FALSE	gsk3ps9
Axl-R-V	-0.00500293774973228	-0.0168347335796703	-0.168978329411215	0.865867275277007	0.88806900028411	-7.94881836906473	0.865867275277007	0.88806900028411	-0.168978329411215	RPPA	FALSE	not_significant	ER_positive_vs_ER_negative	ER_negative	ER_positive - ER_negative	limma_robust_on_rppa_matrix	Axl-R-V	Axl		total	ambiguous_or_pan	curated_ambiguous_or_pan	FALSE	axl
IRF-1-R-C	-0.00321004233389096	-0.0254177467900314	-0.146933144515575	0.883231233432289	0.902572063361464	-7.95230171500709	0.883231233432289	0.902572063361464	-0.146933144515575	RPPA	FALSE	not_significant	ER_positive_vs_ER_negative	ER_negative	ER_positive - ER_negative	limma_robust_on_rppa_matrix	IRF-1-R-C	IRF-1	IRF1	total	unique	curated_rppa_dict	TRUE	irf1
14-3-3_zeta-R-V	-0.00587286610813145	0.0786947527091837	-0.142761883729384	0.886523339581327	0.902641945755533	-7.95290612082098	0.886523339581327	0.902641945755533	-0.142761883729384	RPPA	FALSE	not_significant	ER_positive_vs_ER_negative	ER_negative	ER_positive - ER_negative	limma_robust_on_rppa_matrix	14-3-3_zeta-R-V	14-3-3_zeta	YWHAZ	total	unique	curated_rppa_dict	TRUE	1433zeta
EPPK1-M-C	-0.0111951655009169	-0.10552394413383	-0.0857594494821077	0.931684562706039	0.945187237527866	-7.95942158337748	0.931684562706039	0.945187237527866	-0.0857594494821077	RPPA	FALSE	not_significant	ER_positive_vs_ER_negative	ER_negative	ER_positive - ER_negative	limma_robust_on_rppa_matrix	EPPK1-M-C	EPPK1	EPPK1	total	unique	curated_rppa_dict	TRUE	eppk1
YAP-R-V	-0.0023136097142781	0.051660685136876	-0.0668823023284545	0.946696906567718	0.956949941656899	-7.94566254253459	0.946696906567718	0.956949941656899	-0.0668823023284545	RPPA	FALSE	not_significant	ER_positive_vs_ER_negative	ER_negative	ER_positive - ER_negative	limma_robust_on_rppa_matrix	YAP-R-V	YAP	YAP1	total	unique	curated_rppa_dict	TRUE	yap
Rb_pS807_S811-R-V	-0.00274597350930925	0.029834705316719	-0.0483014553535093	0.961491119178723	0.968408321474973	-7.96193334209805	0.961491119178723	0.968408321474973	-0.0483014553535093	RPPA	FALSE	not_significant	ER_positive_vs_ER_negative	ER_negative	ER_positive - ER_negative	limma_robust_on_rppa_matrix	Rb_pS807_S811-R-V	Rb_pS807_S811		phospho	unmapped		FALSE	rbps807s811
cIAP-R-V	-0.000366422006746067	-0.0465880876181319	-0.0140361912945811	0.988805497826494	0.989441926188233	-7.96300175268175	0.988805497826494	0.989441926188233	-0.0140361912945811	RPPA	FALSE	not_significant	ER_positive_vs_ER_negative	ER_negative	ER_positive - ER_negative	limma_robust_on_rppa_matrix	cIAP-R-V	cIAP		total	ambiguous_or_pan	curated_ambiguous_or_pan	FALSE	ciap
Bid-R-C	0.000350737251164468	0.0472526172978808	0.0132381595001829	0.989441926188233	0.989441926188233	-7.96301263970235	0.989441926188233	0.989441926188233	0.0132381595001829	RPPA	FALSE	not_significant	ER_positive_vs_ER_negative	ER_negative	ER_positive - ER_negative	limma_robust_on_rppa_matrix	Bid-R-C	Bid	BID	total	unique	curated_rppa_dict	TRUE	bid
